"Qubit","T1 (us)","T2 (us)","Readout assignment error ","Prob meas0 prep1 ","Prob meas1 prep0 ","Readout length (ns)","ID error ","RX error ","Z-axis rotation (rz) error ","âˆšx (sx) error ","Pauli-X error ","CZ error ","Gate time (ns)","Operational"
"0","81.71833266973655","61.42055077596631","0.0024999999999999467","0.0040000000000000036","0.001","2100","0.00025580433720088683","0.00025580433720088683","0","0.00025580433720088683","0.00025580433720088683","0_1:0.0015144505375755124","0_1:68","true"
"1","199.80564077560604","182.92026909907813","0.0045999999999999375","0.007399999999999962","0.0018","2100","0.0002307202130030908","0.0002307202130030908","0","0.0002307202130030908","0.0002307202130030908","1_2:0.0009378958947645344;1_0:0.0015144505375755124","1_2:68;1_0:68","true"
"2","305.4188423021846","260.43755320639985","0.01090000000000002","0.014800000000000035","0.007","2100","0.0001465111377651422","0.0001465111377651422","0","0.0001465111377651422","0.0001465111377651422","2_1:0.0009378958947645344;2_3:0.002584705419972577","2_1:68;2_3:68","true"
"3","266.239570959683","225.61597571605077","0.0045999999999999375","0.0072","0.0020000000000000018","2100","0.00015500463717403986","0.00015500463717403986","0","0.00015500463717403986","0.00015500463717403986","3_16:0.006269982060932627;3_2:0.002584705419972577;3_4:0.006441635953893465","3_16:68;3_2:68;3_4:80","true"
"4","234.39534153617285","26.0332937490328","0.026000000000000023","0.031000000000000028","0.021","2100","0.0005510192342496883","0.0005510192342496883","0","0.0005510192342496883","0.0005510192342496883","4_3:0.006441635953893465;4_5:0.0043628479929895825","4_3:80;4_5:68","true"
"5","291.6014055957181","31.086220094590082","0.0343","0.0352","0.033399999999999985","2100","0.0002748300791329745","0.0002748300791329745","0","0.0002748300791329745","0.0002748300791329745","5_6:0.0035474521824832017;5_4:0.0043628479929895825","5_6:68;5_4:68","true"
"6","141.90827736087772","44.52399547824775","0.0030000000000000027","0.0050000000000000044","0.001","2100","0.00026470645790264605","0.00026470645790264605","0","0.00026470645790264605","0.00026470645790264605","6_5:0.0035474521824832017;6_7:0.00865920990097424","6_5:68;6_7:68","true"
"7","345.9039287256201","30.768643429890318","0.03400000000000003","0.044","0.02400000000000002","2100","0.0003544505716553847","0.0003544505716553847","0","0.0003544505716553847","0.0003544505716553847","7_17:0.004754955227794011;7_6:0.00865920990097424;7_8:0.006027639481795494","7_17:68;7_6:68;7_8:80","true"
"8","259.57965861808606","25.11411035576241","0.0010000000000000009","0.0013999999999999568","0.0006","2100","0.00029911594506849213","0.00029911594506849213","0","0.00029911594506849213","0.00029911594506849213","8_9:0.003532039822561256;8_7:0.006027639481795494","8_9:68;8_7:80","true"
"9","233.29583105550074","56.1573141142074","0.06579999999999997","0.0698","0.061799999999999966","2100","0.00027018061351918675","0.00027018061351918675","0","0.00027018061351918675","0.00027018061351918675","9_8:0.003532039822561256;9_10:0.003093316199470564","9_8:68;9_10:68","true"
"10","328.84146250501715","55.01167133244281","0.018299999999999983","0.01980000000000004","0.0168","2100","0.0002669379821911041","0.0002669379821911041","0","0.0002669379821911041","0.0002669379821911041","10_9:0.003093316199470564;10_11:0.004014462095395577","10_9:68;10_11:68","true"
"11","336.3002891195565","45.777903501629126","0.02069999999999994","0.0212","0.020199999999999996","2100","0.00036274168371926906","0.00036274168371926906","0","0.00036274168371926906","0.00036274168371926906","11_18:0.003899922539793599;11_10:0.004014462095395577;11_12:0.002098996287678817","11_18:68;11_10:68;11_12:68","true"
"12","294.602833893747","189.3944901110329","0.009299999999999975","0.0154","0.0031999999999999806","2100","0.00009793751978002482","0.00009793751978002482","0","0.00009793751978002482","0.00009793751978002482","12_13:0.001569228234905351;12_11:0.002098996287678817","12_13:80;12_11:68","true"
"13","213.8161920610945","330.52760417450395","0.09020000000000006","0.0896","0.09079999999999999","2100","0.00020595306751463758","0.00020595306751463758","0","0.00020595306751463758","0.00020595306751463758","13_12:0.001569228234905351;13_14:0.0009580212668659216","13_12:80;13_14:80","true"
"14","230.74088856677184","201.7631441931345","0.007900000000000018","0.010800000000000032","0.005","2100","0.00007289117342558125","0.00007289117342558125","0","0.00007289117342558125","0.00007289117342558125","14_15:0.0009642138061663197;14_13:0.0009580212668659216","14_15:68;14_13:80","true"
"15","235.5630284821077","25.589693190896426","0.00990000000000002","0.01","0.009800000000000031","2100","0.00018864374622467502","0.00018864374622467502","0","0.00018864374622467502","0.00018864374622467502","15_14:0.0009642138061663197;15_19:0.0014912793551330739","15_14:68;15_19:68","true"
"16","158.6461575595751","211.1080018335212","0.015600000000000058","0.0232","0.008000000000000007","2100","0.00018887523330693353","0.00018887523330693353","0","0.00018887523330693353","0.00018887523330693353","16_23:0.0032839972047737642;16_3:0.006269982060932627","16_23:68;16_3:68","true"
"17","269.6073581932143","13.172709876432869","0.017300000000000093","0.007800000000000029","0.0268","2100","0.00032734421891052114","0.00032734421891052114","0","0.00032734421891052114","0.00032734421891052114","17_7:0.004754955227794011;17_27:0.0063270362658947865","17_7:68;17_27:68","true"
"18","72.85271755901326","42.70839760177118","0.08999999999999997","0.1212","0.05879999999999996","2100","0.0003893435817995926","0.0003893435817995926","0","0.0003893435817995926","0.0003893435817995926","18_11:0.003899922539793599;18_31:0.005224896524132411","18_11:68;18_31:68","true"
"19","76.06374744672445","44.01338467124081","0.033299999999999996","0.037","0.02959999999999996","2100","0.00021626284266532247","0.00021626284266532247","0","0.00021626284266532247","0.00021626284266532247","19_35:0.0018250109854369423;19_15:0.0014912793551330739","19_35:80;19_15:68","true"
"20","131.05379734421888","266.14768639233773","0.009099999999999997","0.0132","0.0050000000000000044","2100","0.0001985292104105945","0.0001985292104105945","0","0.0001985292104105945","0.0001985292104105945","20_21:0.0020299381801620886","20_21:68","true"
"21","200.4771261421332","163.34546936527315","0.0047999999999999154","0.0074","0.0021999999999999797","2100","0.00011835150172745752","0.00011835150172745752","0","0.00011835150172745752","0.00011835150172745752","21_36:0.0018338705333900696;21_20:0.0020299381801620886;21_22:0.0013781574911253536","21_36:68;21_20:68;21_22:68","true"
"22","199.03101095821978","33.140179554363414","0.009600000000000053","0.0118","0.007399999999999962","2100","0.0001954108678003154","0.0001954108678003154","0","0.0001954108678003154","0.0001954108678003154","22_23:0.0018712562386694054;22_21:0.0013781574911253536","22_23:68;22_21:68","true"
"23","236.72896752827896","129.66232579485688","0.02310000000000001","0.032","0.01419999999999999","2100","0.00023316882391619974","0.00023316882391619974","0","0.00023316882391619974","0.00023316882391619974","23_22:0.0018712562386694054;23_24:1;23_16:0.0032839972047737642","23_22:68;23_24:68;23_16:68","true"
"24","34.47147293918795","0.2016542031859274","0.21639999999999993","0.3208","0.11199999999999999","2100","0.00027110284115344053","0.00027110284115344053","0","0.00027110284115344053","0.00027110284115344053","24_23:1;24_25:1","24_23:68;24_25:68","true"
"25","130.47434311678825","24.89663802218996","0.007900000000000018","0.0122","0.0036000000000000476","2100","0.00041182889690837644","0.00041182889690837644","0","0.00041182889690837644","0.00041182889690837644","25_24:1;25_26:1;25_37:0.004573409333180178","25_24:68;25_26:68;25_37:68","true"
"26","7.002428439444008","10.47012176667374","0.2229","0.2558","0.18999999999999995","2100","0.0023377219507249966","0.0023377219507249966","0","0.0023377219507249966","0.0023377219507249966","26_25:1;26_27:1","26_25:68;26_27:68","true"
"27","121.09864538940447","34.69138567792294","0.09950000000000003","0.0866","0.11240000000000006","2100","0.0003449814113800238","0.0003449814113800238","0","0.0003449814113800238","0.0003449814113800238","27_26:1;27_28:0.004780308389061155;27_17:0.0063270362658947865","27_26:68;27_28:68;27_17:68","true"
"28","263.402288250895","55.32076533879278","0.005199999999999982","0.008000000000000007","0.0024","2100","0.0005022882945191496","0.0005022882945191496","0","0.0005022882945191496","0.0005022882945191496","28_27:0.004780308389061155;28_29:0.0033801836647257555","28_27:68;28_29:68","true"
"29","256.93031778584236","22.58677606932653","0.09519999999999995","0.1102","0.08020000000000005","2100","0.0006788574735581498","0.0006788574735581498","0","0.0006788574735581498","0.0006788574735581498","29_38:0.004233164894866359;29_28:0.0033801836647257555;29_30:0.0039027525177170452","29_38:68;29_28:68;29_30:68","true"
"30","307.7378275612973","53.953190844109564","0.02939999999999998","0.0342","0.024599999999999955","2100","0.00039320220588408706","0.00039320220588408706","0","0.00039320220588408706","0.00039320220588408706","30_31:0.0038606337730971163;30_29:0.0039027525177170452","30_31:68;30_29:68","true"
"31","111.84278543339555","40.63102290834903","0.03499999999999992","0.03859999999999997","0.0314","2100","0.00037718708814021135","0.00037718708814021135","0","0.00037718708814021135","0.00037718708814021135","31_30:0.0038606337730971163;31_32:0.00341904878419938;31_18:0.005224896524132411","31_30:68;31_32:68;31_18:68","true"
"32","268.8168263938497","54.77090216916187","0.010199999999999987","0.007","0.013399999999999967","2100","0.00024886556706187345","0.00024886556706187345","0","0.00024886556706187345","0.00024886556706187345","32_31:0.00341904878419938;32_33:0.0017168444599780786","32_31:68;32_33:68","true"
"33","146.54514759268483","204.41087070648754","0.008000000000000007","0.01319999999999999","0.0028","2100","0.00026218020964525253","0.00026218020964525253","0","0.00026218020964525253","0.00026218020964525253","33_39:0.0016306673675426653;33_32:0.0017168444599780786;33_34:0.0016320475381890742","33_39:68;33_32:68;33_34:68","true"
"34","184.53484450180963","197.54193075955612","0.015900000000000025","0.02739999999999998","0.0044","2100","0.00031915711724770306","0.00031915711724770306","0","0.00031915711724770306","0.00031915711724770306","34_33:0.0016320475381890742;34_35:0.0019719596983983345","34_33:68;34_35:68","true"
"35","399.35960408611453","410.62085829763504","0.006000000000000005","0.006399999999999961","0.0056","2100","0.00008617365142553575","0.00008617365142553575","0","0.00008617365142553575","0.00008617365142553575","35_19:0.0018250109854369423;35_34:0.0019719596983983345","35_19:80;35_34:68","true"
"36","235.58196335866853","129.51216883769672","0.007600000000000051","0.009600000000000053","0.0056","2100","0.002389820527662623","0.002389820527662623","0","0.002389820527662623","0.002389820527662623","36_41:0.001714387517588678;36_21:0.0018338705333900696","36_41:68;36_21:68","true"
"37","152.87554913016146","14.28981213086006","0.08960000000000001","0.09740000000000004","0.0818","2100","0.0006425840597302174","0.0006425840597302174","0","0.0006425840597302174","0.0006425840597302174","37_45:0.0034996046001267156;37_25:0.004573409333180178","37_45:68;37_25:68","true"
"38","59.24489676284454","54.612782599780715","0.04720000000000002","0.056","0.03839999999999999","2100","0.0003468966194838929","0.0003468966194838929","0","0.0003468966194838929","0.0003468966194838929","38_29:0.004233164894866359;38_49:0.0034253421382446636","38_29:68;38_49:68","true"
"39","165.69834723089008","232.55141363337185","0.010599999999999943","0.01200000000000001","0.0092","2100","0.0003003032141877857","0.0003003032141877857","0","0.0003003032141877857","0.0003003032141877857","39_53:0.002532450856950169;39_33:0.0016306673675426653","39_53:68;39_33:68","true"
"40","193.4261966302135","37.96757091419679","0.11519999999999997","0.1172","0.11319999999999997","2100","0.00024293308672439183","0.00024293308672439183","0","0.00024293308672439183","0.00024293308672439183","40_41:0.0020337373945917003","40_41:68","true"
"41","136.35462353012156","28.940545080356603","0.015000000000000013","0.0184","0.011600000000000055","2100","0.00016160381108970638","0.00016160381108970638","0","0.00016160381108970638","0.00016160381108970638","41_40:0.0020337373945917003;41_42:0.002207236861831441;41_36:0.001714387517588678","41_40:68;41_42:68;41_36:68","true"
"42","185.55981303734853","52.270148269555634","0.0043999999999999595","0.006399999999999961","0.0024","2100","0.0002756369485698985","0.0002756369485698985","0","0.0002756369485698985","0.0002756369485698985","42_41:0.002207236861831441;42_43:0.005385274742994134","42_41:68;42_43:68","true"
"43","188.19073571540716","75.83087636899772","0.010199999999999987","0.0126","0.007800000000000029","2100","0.0007436686018571176","0.0007436686018571176","0","0.0007436686018571176","0.0007436686018571176","43_42:0.005385274742994134;43_56:0.002769055243966645;43_44:0.0032283659515194574","43_42:68;43_56:68;43_44:68","true"
"44","191.81118072904437","200.00714286229677","0.00770000000000004","0.01100000000000001","0.0044","2100","0.0002719879226672114","0.0002719879226672114","0","0.0002719879226672114","0.0002719879226672114","44_45:0.004078857515792789;44_43:0.0032283659515194574","44_45:68;44_43:68","true"
"45","161.62644546277787","155.4408551350752","0.0022999999999999687","0.0033999999999999586","0.0012","2100","0.00021555799262173568","0.00021555799262173568","0","0.00021555799262173568","0.00021555799262173568","45_44:0.004078857515792789;45_46:0.0015644734345786615;45_37:0.0034996046001267156","45_44:68;45_46:68;45_37:68","true"
"46","160.7865166538209","248.27117811758384","0.04180000000000006","0.0488","0.03480000000000005","2100","0.00017512860510528644","0.00017512860510528644","0","0.00017512860510528644","0.00017512860510528644","46_45:0.0015644734345786615;46_47:0.0016030424693511403","46_45:68;46_47:68","true"
"47","261.78959517553153","108.32066600664982","0.0837","0.0954","0.07199999999999995","2100","0.00013349414860244026","0.00013349414860244026","0","0.00013349414860244026","0.00013349414860244026","47_48:0.01705360128565117;47_57:0.0019219377956606054;47_46:0.0016030424693511403","47_48:68;47_57:68;47_46:68","true"
"48","231.59530047609567","44.37743904234698","0.08550000000000002","0.11199999999999999","0.059","2100","0.016782874856875442","0.016782874856875442","0","0.016782874856875442","0.016782874856875442","48_47:0.01705360128565117;48_49:0.016215530806237555","48_47:68;48_49:68","true"
"49","322.4161049041266","293.70008550094246","0.009600000000000053","0.0136","0.005600000000000049","2100","0.0004717199725007436","0.0004717199725007436","0","0.0004717199725007436","0.0004717199725007436","49_48:0.016215530806237555;49_50:0.001997122750552194;49_38:0.0034253421382446636","49_48:68;49_50:68;49_38:68","true"
"50","183.0435668519652","205.30905974131974","0.13649999999999995","0.1478","0.12519999999999998","2100","0.0002286830537874181","0.0002286830537874181","0","0.0002286830537874181","0.0002286830537874181","50_49:0.001997122750552194;50_51:0.0015919657914331697","50_49:68;50_51:68","true"
"51","169.9466304666181","257.24564519311303","0.01200000000000001","0.01759999999999995","0.0064","2100","0.0002606401260648591","0.0002606401260648591","0","0.0002606401260648591","0.0002606401260648591","51_50:0.0015919657914331697;51_52:0.0023962461954883385;51_58:0.0012939916489878023","51_50:68;51_52:68;51_58:68","true"
"52","57.75730636544987","41.36733779793555","0.007199999999999984","0.0134","0.0010000000000000009","2100","0.000391853529925822","0.000391853529925822","0","0.000391853529925822","0.000391853529925822","52_51:0.0023962461954883385;52_53:0.0034808911326409397","52_51:68;52_53:68","true"
"53","324.03848287426734","395.7885778508231","0.006199999999999983","0.009","0.0033999999999999586","2100","0.00019308543747412023","0.00019308543747412023","0","0.00019308543747412023","0.00019308543747412023","53_39:0.002532450856950169;53_52:0.0034808911326409397;53_54:0.0014448857034918272","53_39:68;53_52:68;53_54:68","true"
"54","290.18531198413336","465.65910619211485","0.005099999999999993","0.0068","0.0033999999999999586","2100","0.0001630121256581004","0.0001630121256581004","0","0.0001630121256581004","0.0001630121256581004","54_53:0.0014448857034918272;54_55:0.001420499702599498","54_53:68;54_55:68","true"
"55","225.23533290767406","89.50576356080981","0.012499999999999956","0.0194","0.005600000000000049","2100","0.000190585777854258","0.000190585777854258","0","0.000190585777854258","0.000190585777854258","55_59:0.0018707995965808188;55_54:0.001420499702599498","55_59:68;55_54:68","true"
"56","144.66042278714778","134.80323432537867","0.0034000000000000696","0.006199999999999983","0.0006","2100","0.00021892614942087269","0.00021892614942087269","0","0.00021892614942087269","0.00021892614942087269","56_63:0.0035173920997336183;56_43:0.002769055243966645","56_63:68;56_43:68","true"
"57","187.3585120764823","190.67802887038388","0.027200000000000002","0.0286","0.025800000000000045","2100","0.000186816369246717","0.000186816369246717","0","0.000186816369246717","0.000186816369246717","57_47:0.0019219377956606054;57_67:0.006475602754765164","57_47:68;57_67:68","true"
"58","189.8305411675723","237.19202971612978","0.005099999999999993","0.007800000000000029","0.0024","2100","0.00017201892049405142","0.00017201892049405142","0","0.00017201892049405142","0.00017201892049405142","58_71:0.0022219516684506;58_51:0.0012939916489878023","58_71:68;58_51:68","true"
"59","165.68821993157786","169.35215739013736","0.0023999999999999577","0.0041999999999999815","0.0006","2100","0.0001296004086672095","0.0001296004086672095","0","0.0001296004086672095","0.0001296004086672095","59_55:0.0018707995965808188;59_75:0.0014652889055743468","59_55:68;59_75:68","true"
"60","150.54504604488608","305.89213086841994","0.00770000000000004","0.014599999999999946","0.0008","2100","0.0007068200851192392","0.0007068200851192392","0","0.0007068200851192392","0.0007068200851192392","60_61:0.010080778415456015","60_61:80","true"
"61","239.37481022982422","215.0344599569922","0.007000000000000006","0.0118","0.0021999999999999797","2100","0.0001513747950206716","0.0001513747950206716","0","0.0001513747950206716","0.0001513747950206716","61_76:0.0018839547242346377;61_60:0.010080778415456015;61_62:0.0017430425824474516","61_76:68;61_60:80;61_62:68","true"
"62","135.48066219067294","86.12587940606089","0.01200000000000001","0.018","0.006000000000000005","2100","0.00017473587669625628","0.00017473587669625628","0","0.00017473587669625628","0.00017473587669625628","62_61:0.0017430425824474516;62_63:0.0017844090544807956","62_61:68;62_63:68","true"
"63","175.87526142960633","265.54096677158105","0.07319999999999993","0.07779999999999998","0.0686","2100","0.0001592238576168466","0.0001592238576168466","0","0.0001592238576168466","0.0001592238576168466","63_56:0.0035173920997336183;63_62:0.0017844090544807956;63_64:0.0024727793541765852","63_56:68;63_62:68;63_64:68","true"
"64","144.84885490656765","176.99090673453287","0.021399999999999975","0.02839999999999998","0.0144","2100","0.0006784243390739469","0.0006784243390739469","0","0.0006784243390739469","0.0006784243390739469","64_65:0.0020963013309802103;64_63:0.0024727793541765852","64_65:68;64_63:68","true"
"65","251.07433783684274","104.22133569732271","0.009399999999999964","0.014599999999999946","0.0042","2100","0.00014789840692114114","0.00014789840692114114","0","0.00014789840692114114","0.00014789840692114114","65_64:0.0020963013309802103;65_66:0.001687141021896682;65_77:0.002217818912914088","65_64:68;65_66:68;65_77:68","true"
"66","99.68482237212768","183.4436192947061","0.01970000000000005","0.021199999999999997","0.0182","2100","0.00017893676051284043","0.00017893676051284043","0","0.00017893676051284043","0.00017893676051284043","66_65:0.001687141021896682;66_67:0.0021224868057867774","66_65:68;66_67:68","true"
"67","282.9129467572129","24.653132526897455","0.045600000000000085","0.049","0.042200000000000015","2100","0.0002797061421757642","0.0002797061421757642","0","0.0002797061421757642","0.0002797061421757642","67_68:0.006492281140110384;67_57:0.006475602754765164;67_66:0.0021224868057867774","67_68:68;67_57:68;67_66:68","true"
"68","141.09474808074185","18.850725394169068","0.0047000000000000375","0.005800000000000027","0.0036","2100","0.00020972929422328983","0.00020972929422328983","0","0.00020972929422328983","0.00020972929422328983","68_67:0.006492281140110384;68_69:0.0019769832470635795","68_67:68;68_69:68","true"
"69","108.35253648469116","32.56715441414705","0.08299999999999996","0.0878","0.07820000000000005","2100","0.00023222003707245914","0.00023222003707245914","0","0.00023222003707245914","0.00023222003707245914","69_78:0.0028955990021120037;69_68:0.0019769832470635795;69_70:0.0022155846712277882","69_78:68;69_68:68;69_70:80","true"
"70","153.0115898343156","21.464223992615402","0.02499999999999991","0.0458","0.0041999999999999815","2100","0.00019356868148578225","0.00019356868148578225","0","0.00019356868148578225","0.00019356868148578225","70_69:0.0022155846712277882;70_71:0.0027027997648332303","70_69:80;70_71:68","true"
"71","150.57091968699098","75.00818587822302","0.0038000000000000256","0.006399999999999961","0.0012","2100","0.00016830169259149044","0.00016830169259149044","0","0.00016830169259149044","0.00016830169259149044","71_72:0.00229573059862595;71_58:0.0022219516684506;71_70:0.0027027997648332303","71_72:68;71_58:68;71_70:68","true"
"72","124.23826835344894","115.5524586766944","0.022199999999999998","0.0278","0.016599999999999948","2100","0.00030164694108387866","0.00030164694108387866","0","0.00030164694108387866","0.00030164694108387866","72_73:0.04749228871600933;72_71:0.00229573059862595","72_73:68;72_71:68","true"
"73","151.12137331161583","201.39710051473537","0.008599999999999941","0.013399999999999967","0.0038","2100","0.0003413767632176722","0.0003413767632176722","0","0.0003413767632176722","0.0003413767632176722","73_72:0.04749228871600933;73_74:0.001845990899838973;73_79:0.0016354587933720965","73_72:68;73_74:68;73_79:68","true"
"74","91.9026121978361","14.761161482149634","0.02200000000000002","0.0264","0.01759999999999995","2100","0.00035938909995386994","0.00035938909995386994","0","0.00035938909995386994","0.00035938909995386994","74_73:0.001845990899838973;74_75:0.0018871655417433408","74_73:68;74_75:68","true"
"75","384.2481673184391","343.20727223757547","0.01869999999999994","0.0206","0.016800000000000037","2100","0.00011128278632216661","0.00011128278632216661","0","0.00011128278632216661","0.00011128278632216661","75_59:0.0014652889055743468;75_74:0.0018871655417433408","75_59:68;75_74:68","true"
"76","133.5238195621428","58.77606582188175","0.008399999999999963","0.012399999999999967","0.0044","2100","0.00018843018255239034","0.00018843018255239034","0","0.00018843018255239034","0.00018843018255239034","76_81:0.0017603826109318932;76_61:0.0018839547242346377","76_81:68;76_61:68","true"
"77","92.0949442759587","194.18329793158546","0.010800000000000032","0.015","0.00660000000000005","2100","0.00015980461518010834","0.00015980461518010834","0","0.00015980461518010834","0.00015980461518010834","77_85:0.0028169000408818923;77_65:0.002217818912914088","77_85:68;77_65:68","true"
"78","95.77623333147251","131.134198769147","0.014599999999999946","0.016","0.01319999999999999","2100","0.00039250535201056997","0.00039250535201056997","0","0.00039250535201056997","0.00039250535201056997","78_69:0.0028955990021120037;78_89:0.002620992374305464","78_69:68;78_89:68","true"
"79","108.03741913808182","39.56384141564457","0.007000000000000006","0.0108","0.0031999999999999806","2100","0.00024334465312233632","0.00024334465312233632","0","0.00024334465312233632","0.00024334465312233632","79_93:0.0016512649376831667;79_73:0.0016354587933720965","79_93:68;79_73:68","true"
"80","104.05848514186944","42.60635606688266","0.009600000000000053","0.0146","0.0046000000000000485","2100","0.0003133134166547138","0.0003133134166547138","0","0.0003133134166547138","0.0003133134166547138","80_81:0.0021558370547672123","80_81:68","true"
"81","263.0524507003881","224.90317987354126","0.03710000000000002","0.0514","0.0228","2100","0.00023900928448063974","0.00023900928448063974","0","0.00023900928448063974","0.00023900928448063974","81_80:0.0021558370547672123;81_82:0.005874705734413704;81_76:0.0017603826109318932","81_80:68;81_82:68;81_76:68","true"
"82","69.03523976901913","18.626496143712387","0.04279999999999995","0.06120000000000003","0.0244","2100","0.0013881346355038922","0.0013881346355038922","0","0.0013881346355038922","0.0013881346355038922","82_81:0.005874705734413704;82_83:0.023812306877490724","82_81:68;82_83:68","true"
"83","267.87331650887165","204.8250193977879","0.0887","0.08460000000000001","0.0928","2100","0.0003881404965957421","0.0003881404965957421","0","0.0003881404965957421","0.0003881404965957421","83_96:0.0017147516353111514;83_82:0.023812306877490724;83_84:0.002931231317882893","83_96:68;83_82:68;83_84:68","true"
"84","150.94660409863462","209.00609379396056","0.0048000000000000265","0.009000000000000008","0.0006","2100","0.0005076098798575763","0.0005076098798575763","0","0.0005076098798575763","0.0005076098798575763","84_83:0.002931231317882893;84_85:0.0035299086928966827","84_83:68;84_85:68","true"
"85","196.69874821295502","80.05244510804162","0.013600000000000056","0.01739999999999997","0.0098","2100","0.0002451500579250561","0.0002451500579250561","0","0.0002451500579250561","0.0002451500579250561","85_77:0.0028169000408818923;85_86:0.0022149834845253957;85_84:0.0035299086928966827","85_77:68;85_86:68;85_84:68","true"
"86","63.23867563473239","72.59490524782116","0.0042999999999999705","0.007399999999999962","0.0012","2100","0.00028093135972710303","0.00028093135972710303","0","0.00028093135972710303","0.00028093135972710303","86_85:0.0022149834845253957;86_87:0.002133001662489392","86_85:68;86_87:68","true"
"87","159.88527173629203","112.62051578709351","0.07220000000000004","0.0748","0.0696","2100","0.0003719092748835722","0.0003719092748835722","0","0.0003719092748835722","0.0003719092748835722","87_86:0.002133001662489392;87_88:0.002902831323642663;87_97:0.001628441317303858","87_86:68;87_88:68;87_97:68","true"
"88","289.09347416591186","245.54239953833408","0.015800000000000036","0.0218","0.009800000000000031","2100","0.0003049064680868572","0.0003049064680868572","0","0.0003049064680868572","0.0003049064680868572","88_87:0.002902831323642663;88_89:0.002059783230212331","88_87:68;88_89:68","true"
"89","171.56877388104462","164.48675830555908","0.009700000000000042","0.013599999999999945","0.0058","2100","0.00018311345863349177","0.00018311345863349177","0","0.00018311345863349177","0.00018311345863349177","89_90:0.0021649343373000007;89_88:0.002059783230212331;89_78:0.002620992374305464","89_90:68;89_88:68;89_78:68","true"
"90","45.84698996987386","93.89864009501821","0.14949999999999997","0.20399999999999996","0.095","2100","0.001159721473248294","0.001159721473248294","0","0.001159721473248294","0.001159721473248294","90_89:0.0021649343373000007;90_91:0.0032182974459551428","90_89:68;90_91:80","true"
"91","170.30822881970585","229.2697185991641","0.020399999999999974","0.022","0.01880000000000004","2100","0.0004109567578593834","0.0004109567578593834","0","0.0004109567578593834","0.0004109567578593834","91_98:0.0019933564899233536;91_90:0.0032182974459551428;91_92:0.0035846676075219075","91_98:68;91_90:80;91_92:68","true"
"92","228.68738466606857","366.0819237263928","0.024799999999999933","0.028200000000000003","0.0214","2100","0.00017056781254590715","0.00017056781254590715","0","0.00017056781254590715","0.00017056781254590715","92_91:0.0035846676075219075;92_93:0.002437676555058027","92_91:68;92_93:68","true"
"93","302.1763486944934","264.2728478744813","0.006099999999999994","0.008600000000000052","0.0036","2100","0.00009601367143344575","0.00009601367143344575","0","0.00009601367143344575","0.00009601367143344575","93_94:0.0019608111258023198;93_79:0.0016512649376831667;93_92:0.002437676555058027","93_94:68;93_79:68;93_92:68","true"
"94","278.01839411361067","282.3489682597518","0.06059999999999999","0.0722","0.049000000000000044","2100","0.0001595375518799928","0.0001595375518799928","0","0.0001595375518799928","0.0001595375518799928","94_93:0.0019608111258023198;94_95:0.0016879304117422556","94_93:68;94_95:68","true"
"95","411.3467732516586","23.559153762564797","0.011200000000000099","0.0128","0.009600000000000053","2100","0.0009176000714131402","0.0009176000714131402","0","0.0009176000714131402","0.0009176000714131402","95_99:0.0023484275653092024;95_94:0.0016879304117422556","95_99:68;95_94:68","true"
"96","118.73541589670302","61.839358528996925","0.03290000000000004","0.0408","0.025000000000000022","2100","0.0002843480175245501","0.0002843480175245501","0","0.0002843480175245501","0.0002843480175245501","96_83:0.0017147516353111514;96_103:0.005357011054870686","96_83:68;96_103:68","true"
"97","227.82469157038082","72.3655566233973","0.020299999999999985","0.029200000000000004","0.0114","2100","0.00020498817391622173","0.00020498817391622173","0","0.00020498817391622173","0.00020498817391622173","97_87:0.001628441317303858;97_107:0.0017659651253373598","97_87:68;97_107:68","true"
"98","307.94000585422253","85.32234277274536","0.1421","0.1406","0.14359999999999995","2100","0.00014308367406180018","0.00014308367406180018","0","0.00014308367406180018","0.00014308367406180018","98_91:0.0019933564899233536;98_111:0.0011680604777594417","98_91:68;98_111:68","true"
"99","108.27805966367607","37.02566084706736","0.06420000000000003","0.0676","0.0608","2100","0.0002472146663427248","0.0002472146663427248","0","0.0002472146663427248","0.0002472146663427248","99_115:0.0021201706362368455;99_95:0.0023484275653092024","99_115:68;99_95:68","true"
"100","101.15561846829088","159.27743034541825","0.01760000000000006","0.0192","0.016000000000000014","2100","0.0002537464082949013","0.0002537464082949013","0","0.0002537464082949013","0.0002537464082949013","100_101:0.0023815915911883645","100_101:68","true"
"101","184.7212993055417","79.91275340085274","0.005600000000000049","0.009000000000000008","0.0022","2100","0.0004813544202040609","0.0004813544202040609","0","0.0004813544202040609","0.0004813544202040609","101_100:0.0023815915911883645;101_116:0.0025773925991449953;101_102:0.0038599657647146735","101_100:68;101_116:68;101_102:68","true"
"102","106.42690809667346","149.6669289380217","0.04259999999999997","0.0516","0.03359999999999996","2100","0.0005580404338546696","0.0005580404338546696","0","0.0005580404338546696","0.0005580404338546696","102_101:0.0038599657647146735;102_103:0.006429207588975916","102_101:68;102_103:68","true"
"103","98.72509160953379","82.84736251031927","0.010399999999999965","0.019000000000000017","0.0018","2100","0.00024693479581306245","0.00024693479581306245","0","0.00024693479581306245","0.00024693479581306245","103_104:0.0030764881014392065;103_96:0.005357011054870686;103_102:0.006429207588975916","103_104:68;103_96:68;103_102:68","true"
"104","318.0791345359613","176.9281607054557","0.017199999999999993","0.022399999999999975","0.012","2100","0.00019494561774927494","0.00019494561774927494","0","0.00019494561774927494","0.00019494561774927494","104_103:0.0030764881014392065;104_105:0.0014815774085114308","104_103:68;104_105:68","true"
"105","104.19127684936633","109.63438113921954","0.00770000000000004","0.0114","0.0040000000000000036","2100","0.0002801268503293908","0.0002801268503293908","0","0.0002801268503293908","0.0002801268503293908","105_104:0.0014815774085114308;105_106:0.0013416144857708867;105_117:0.0019529556130021275","105_104:68;105_106:68;105_117:68","true"
"106","195.90470608938725","292.09624875870645","0.08319999999999994","0.0866","0.07979999999999998","2100","0.0001516570815266246","0.0001516570815266246","0","0.0001516570815266246","0.0001516570815266246","106_107:0.0014741170271422854;106_105:0.0013416144857708867","106_107:68;106_105:68","true"
"107","287.38833106020894","231.82348628929518","0.016599999999999948","0.0236","0.009600000000000053","2100","0.00029535002763667555","0.00029535002763667555","0","0.00029535002763667555","0.00029535002763667555","107_106:0.0014741170271422854;107_108:0.001936596688523251;107_97:0.0017659651253373598","107_106:68;107_108:68;107_97:68","true"
"108","100.07389268827","124.61836883656424","0.016000000000000014","0.0248","0.007199999999999984","2100","0.00046688557145818486","0.00046688557145818486","0","0.00046688557145818486","0.00046688557145818486","108_107:0.001936596688523251;108_109:0.001784618292452328","108_107:68;108_109:68","true"
"109","132.2489706990641","110.63359576515467","0.012799999999999923","0.016599999999999948","0.009","2100","0.00012477293294116114","0.00012477293294116114","0","0.00012477293294116114","0.00012477293294116114","109_108:0.001784618292452328;109_110:0.0010553419367410888;109_118:0.0018850107838596086","109_108:68;109_110:68;109_118:68","true"
"110","175.33990128512343","228.103979874318","0.027200000000000002","0.0284","0.026000000000000023","2100","0.00027490629484022656","0.00027490629484022656","0","0.00027490629484022656","0.00027490629484022656","110_109:0.0010553419367410888;110_111:0.0017447387749327803","110_109:68;110_111:68","true"
"111","204.1516820303637","106.63099237047243","0.04039999999999999","0.04479999999999995","0.036","2100","0.00015788960511002137","0.00015788960511002137","0","0.00015788960511002137","0.00015788960511002137","111_112:0.0015219291522770573;111_110:0.0017447387749327803;111_98:0.0011680604777594417","111_112:68;111_110:68;111_98:68","true"
"112","257.86247355252345","189.30428689396808","0.0121","0.0108","0.013399999999999967","2100","0.00020209653423977186","0.00020209653423977186","0","0.00020209653423977186","0.00020209653423977186","112_111:0.0015219291522770573;112_113:0.0017965323440928826","112_111:68;112_113:68","true"
"113","222.9139778486827","113.80630303684087","0.2138","0.10419999999999996","0.3234","2100","0.000244877183888054","0.000244877183888054","0","0.000244877183888054","0.000244877183888054","113_119:1;113_112:0.0017965323440928826;113_114:0.0021517279178337456","113_119:68;113_112:68;113_114:68","true"
"114","261.00322130105843","267.59588339485737","0.02400000000000002","0.027","0.02100000000000002","2100","0.0005415883021249407","0.0005415883021249407","0","0.0005415883021249407","0.0005415883021249407","114_115:0.0012320035206846158;114_113:0.0021517279178337456","114_115:68;114_113:68","true"
"115","205.84230672073537","95.66426959914267","0.018899999999999917","0.0216","0.016199999999999992","2100","0.00017985665446550406","0.00017985665446550406","0","0.00017985665446550406","0.00017985665446550406","115_99:0.0021201706362368455;115_114:0.0012320035206846158","115_99:68;115_114:68","true"
"116","77.20995894790903","136.14082808594472","0.014100000000000001","0.019","0.009199999999999986","2100","0.0006630129708338591","0.0006630129708338591","0","0.0006630129708338591","0.0006630129708338591","116_101:0.0025773925991449953;116_121:0.002446488222653226","116_101:68;116_121:68","true"
"117","112.93698327299433","16.386853245173945","0.012299999999999978","0.0178","0.006800000000000028","2100","0.0001958610473062136","0.0001958610473062136","0","0.0001958610473062136","0.0001958610473062136","117_105:0.0019529556130021275;117_125:0.005827752371130729","117_105:68;117_125:68","true"
"118","186.11828206988883","50.07232720999348","0.012499999999999956","0.0144","0.010600000000000054","2100","0.00039832846500032073","0.00039832846500032073","0","0.00039832846500032073","0.00039832846500032073","118_109:0.0018850107838596086;118_129:0.0028919143750741894","118_109:68;118_129:68","true"
"119","210.95931227302543","26.179035177284653","0.20579999999999998","0.0458","0.3658","2100","0.00021220008064160386","0.00021220008064160386","0","0.00021220008064160386","0.00021220008064160386","119_113:1;119_133:1","119_113:68;119_133:68","true"
"120","270.58665608058743","77.28396591894513","0.0031000000000001027","0.005600000000000049","0.0006","2100","0.00013643286525406682","0.00013643286525406682","0","0.00013643286525406682","0.00013643286525406682","120_121:0.0019098417746402918","120_121:68","true"
"121","51.12527728241389","102.481097836661","0.062100000000000044","0.058599999999999985","0.0656","2100","0.0003647653710163636","0.0003647653710163636","0","0.0003647653710163636","0.0003647653710163636","121_120:0.0019098417746402918;121_122:0.002075658079721987;121_116:0.002446488222653226","121_120:68;121_122:80;121_116:68","true"
"122","165.40075691957844","24.36502253071964","0.014900000000000024","0.0192","0.010600000000000054","2100","0.00022492436652780625","0.00022492436652780625","0","0.00022492436652780625","0.00022492436652780625","122_121:0.002075658079721987;122_123:0.0017653392438653215","122_121:80;122_123:68","true"
"123","111.43553744849329","66.2956984115967","0.020499999999999963","0.0274","0.013599999999999945","2100","0.00040057263644106665","0.00040057263644106665","0","0.00040057263644106665","0.00040057263644106665","123_136:0.0017098749402945923;123_124:0.0021062429771358804;123_122:0.0017653392438653215","123_136:68;123_124:68;123_122:68","true"
"124","105.0384105005264","151.30843984491287","0.01529999999999998","0.0176","0.013000000000000012","2100","0.0004456404327628389","0.0004456404327628389","0","0.0004456404327628389","0.0004456404327628389","124_123:0.0021062429771358804;124_125:0.002185437326031492","124_123:68;124_125:68","true"
"125","123.19506364777611","65.1360657381601","0.02410000000000001","0.028800000000000048","0.0194","2100","0.00045073304305017967","0.00045073304305017967","0","0.00045073304305017967","0.00045073304305017967","125_117:0.005827752371130729;125_124:0.002185437326031492;125_126:0.0022933269228596898","125_117:68;125_124:68;125_126:68","true"
"126","139.15000341011785","49.34820089420006","0.02079999999999993","0.0252","0.01639999999999997","2100","0.0004225820352131227","0.0004225820352131227","0","0.0004225820352131227","0.0004225820352131227","126_127:0.0024659175460408633;126_125:0.0022933269228596898","126_127:68;126_125:68","true"
"127","216.54633948335712","15.265267615942005","0.05410000000000004","0.05679999999999996","0.0514","2100","0.0002886178217159768","0.0002886178217159768","0","0.0002886178217159768","0.0002886178217159768","127_126:0.0024659175460408633;127_128:0.0011785760209921947;127_137:0.001677747300975252","127_126:68;127_128:68;127_137:68","true"
"128","320.18533111788634","513.977002097496","0.012399999999999967","0.0146","0.010199999999999987","2100","0.0004016481521479983","0.0004016481521479983","0","0.0004016481521479983","0.0004016481521479983","128_127:0.0011785760209921947;128_129:0.0018392947802962079","128_127:68;128_129:68","true"
"129","220.3444259575439","241.5158913703123","0.020000000000000018","0.013333333333333334","0.026666666666666616","2100","0.00028734321406311095","0.00028734321406311095","0","0.00028734321406311095","0.00028734321406311095","129_130:1;129_128:0.0018392947802962079;129_118:0.0028919143750741894","129_130:68;129_128:68;129_118:68","true"
"130","79.06456406452594","52.778951145433","0.03166666666666662","0.02666666666666667","0.036666666666666625","2100","0.0004020278169765816","0.0004020278169765816","0","0.0004020278169765816","0.0004020278169765816","130_129:1;130_131:0.0019834581000417184","130_129:68;130_131:68","true"
"131","331.0699308770606","300.56121116035183","0.010700000000000043","0.0116","0.009800000000000031","2100","0.00029449471328007434","0.00029449471328007434","0","0.00029449471328007434","0.00029449471328007434","131_138:0.002062625964117104;131_130:0.0019834581000417184;131_132:0.0011416357982478587","131_138:68;131_130:68;131_132:68","true"
"132","104.78829367871086","48.30652990409764","0.009399999999999964","0.012599999999999945","0.0062","2100","0.00020347859075618357","0.00020347859075618357","0","0.00020347859075618357","0.00020347859075618357","132_133:0.0016061546818855466;132_131:0.0011416357982478587","132_133:68;132_131:68","true"
"133","190.16392794940987","323.13266186307845","0.05810000000000004","0.03739999999999999","0.0788","2100","0.0001510183413814445","0.0001510183413814445","0","0.0001510183413814445","0.0001510183413814445","133_132:0.0016061546818855466;133_134:0.00288921003773715;133_119:1","133_132:68;133_134:80;133_119:68","true"
"134","163.12581359428236","91.36375652689073","0.006299999999999972","0.0066","0.006000000000000005","2100","0.0008402737152791415","0.0008402737152791415","0","0.0008402737152791415","0.0008402737152791415","134_133:0.00288921003773715;134_135:0.002042719409964422","134_133:80;134_135:68","true"
"135","444.09194978263","74.08195074849193","0.07380000000000009","0.0764","0.07120000000000004","2100","0.00014247573688424046","0.00014247573688424046","0","0.00014247573688424046","0.00014247573688424046","135_134:0.002042719409964422;135_139:0.001064664924199571","135_134:68;135_139:68","true"
"136","264.232589159796","250.77200117316465","0.005600000000000049","0.006199999999999983","0.005","2100","0.0003021158835056429","0.0003021158835056429","0","0.0003021158835056429","0.0003021158835056429","136_123:0.0017098749402945923;136_143:0.0013158361343897085","136_123:68;136_143:68","true"
"137","152.25213722286836","250.97391399481626","0.07000000000000006","0.07840000000000003","0.0616","2100","0.00031145744424172935","0.00031145744424172935","0","0.00031145744424172935","0.00031145744424172935","137_147:0.0019930712005624684;137_127:0.001677747300975252","137_147:68;137_127:68","true"
"138","184.730176547595","276.0784976297398","0.028200000000000003","0.032","0.024399999999999977","2100","0.00028770627711234944","0.00028770627711234944","0","0.00028770627711234944","0.00028770627711234944","138_151:0.0027775479355774124;138_131:0.002062625964117104","138_151:68;138_131:68","true"
"139","154.82379880356225","241.04032487331077","0.015000000000000013","0.006666666666666667","0.023333333333333317","2100","0.00013377753496280373","0.00013377753496280373","0","0.00013377753496280373","0.00013377753496280373","139_155:1;139_135:0.001064664924199571","139_155:80;139_135:68","true"
"140","188.06438742442282","51.354016275771286","0.0048000000000000265","0.006","0.0036000000000000476","2100","0.00024701061072864353","0.00024701061072864353","0","0.00024701061072864353","0.00024701061072864353","140_141:0.0018415565872443862","140_141:68","true"
"141","369.9239291244849","339.10042341387503","0.005600000000000049","0.0058","0.00539999999999996","2100","0.0004903631225529956","0.0004903631225529956","0","0.0004903631225529956","0.0004903631225529956","141_140:0.0018415565872443862;141_142:0.0030780089982276326","141_140:68;141_142:68","true"
"142","183.2211435287186","242.10376489661977","0.011099999999999999","0.016800000000000037","0.0054","2100","0.0003588427563741038","0.0003588427563741038","0","0.0003588427563741038","0.0003588427563741038","142_143:0.00258408587025144;142_141:0.0030780089982276326","142_143:68;142_141:68","true"
"143","145.00675282702625","55.387856201666665","0.011600000000000055","0.01639999999999997","0.0068","2100","0.0001808908871586974","0.0001808908871586974","0","0.0001808908871586974","0.0001808908871586974","143_142:0.00258408587025144;143_144:0.0014591950995976044;143_136:0.0013158361343897085","143_142:68;143_144:68;143_136:68","true"
"144","66.1864900078001","200.69424928952807","0.014399999999999968","0.0222","0.00660000000000005","2100","0.00041920974923145984","0.00041920974923145984","0","0.00041920974923145984","0.00041920974923145984","144_145:0.0027233116593051443;144_143:0.0014591950995976044","144_145:68;144_143:68","true"
"145","176.616891845169","208.02755660237227","0.021600000000000064","0.022800000000000042","0.0204","2100","0.00017617609719440766","0.00017617609719440766","0","0.00017617609719440766","0.00017617609719440766","145_144:0.0027233116593051443;145_146:0.002896645135716469","145_144:68;145_146:68","true"
"146","103.16737033147614","69.43053194774852","0.030999999999999917","0.0418","0.020199999999999996","2100","0.000524460886512304","0.000524460886512304","0","0.000524460886512304","0.000524460886512304","146_145:0.002896645135716469;146_147:0.002996473725743326","146_145:68;146_147:68","true"
"147","178.49756020862108","56.04238481365954","0.024599999999999955","0.0332","0.016000000000000014","2100","0.00022085597396677775","0.00022085597396677775","0","0.00022085597396677775","0.00022085597396677775","147_148:0.004360075421487725;147_137:0.0019930712005624684;147_146:0.002996473725743326","147_148:68;147_137:68;147_146:68","true"
"148","216.27404777452827","105.42969412823044","0.0033000000000000806","0.0048000000000000265","0.0018","2100","0.0004293178743630834","0.0004293178743630834","0","0.0004293178743630834","0.0004293178743630834","148_147:0.004360075421487725;148_149:0.0015122332748281897","148_147:68;148_149:68","true"
"149","220.3934387428585","113.61102538078707","0.0022999999999999687","0.0034","0.0011999999999999789","2100","0.00016385403339381875","0.00016385403339381875","0","0.00016385403339381875","0.00016385403339381875","149_150:0.001310563553510169;149_148:0.0015122332748281897","149_150:68;149_148:68","true"
"150","206.7308609984288","210.95074142298773","0.008399999999999963","0.010199999999999987","0.0066","2100","0.00020400611949594416","0.00020400611949594416","0","0.00020400611949594416","0.00020400611949594416","150_149:0.001310563553510169;150_151:0.0023552011406340057","150_149:68;150_151:68","true"
"151","208.5065515695528","91.02247568137378","0.016599999999999948","0.01859999999999995","0.0146","2100","0.0002481013789035225","0.0002481013789035225","0","0.0002481013789035225","0.0002481013789035225","151_138:0.0027775479355774124;151_152:0.03587056384090026;151_150:0.0023552011406340057","151_138:68;151_152:68;151_150:68","true"
"152","275.8959016991693","226.27524184241122","0.025600000000000067","0.0248","0.02639999999999998","2100","0.00014133877686729496","0.00014133877686729496","0","0.00014133877686729496","0.00014133877686729496","152_151:0.03587056384090026;152_153:0.0008838595314539788","152_151:68;152_153:68","true"
"153","151.2842806894957","249.60190120789704","0.00770000000000004","0.010399999999999965","0.005","2100","0.00034512177227822075","0.00034512177227822075","0","0.00034512177227822075","0.00034512177227822075","153_152:0.0008838595314539788;153_154:1","153_152:68;153_154:68","true"
"154","220.98471812831778","14.61451775797153","0.0027999999999999137","0.0033999999999999586","0.0022","2100","0.0005072156870346271","0.0005072156870346271","0","0.0005072156870346271","0.0005072156870346271","154_153:1;154_155:0.003048227499860806","154_153:68;154_155:68","true"
"155","387.7385452118167","130.19644972736813","0.040000000000000036","0.013333333333333334","0.06666666666666665","2100","0.0002629401490090118","0.0002629401490090118","0","0.0002629401490090118","0.0002629401490090118","155_139:1;155_154:0.003048227499860806","155_139:80;155_154:68","true"