,n_qubits,n_layers,seed,gate_train_loss,gate_acc_train,gate_acc_test,gate_lr,mixed_train_loss,mixed_acc_train,mixed_acc_test,mixed_lr,dataset,p
3,2,20,0,0.1440661205004599,0.94,0.56,0.0118102472744142,0.1044754490956356,0.91,0.82,0.0001700010200831,digits_08,0.0
6,2,20,0,0.1440661205004599,0.94,0.56,0.0118102472744142,0.1044754490956356,0.91,0.82,0.0001700010200831,digits_08,0.0
26,2,20,0,0.2435606549354191,0.81,0.55,0.0404484934423373,0.2210264029796225,0.8733333333333333,0.81,0.0001156044676926,digits_08,0.03
30,2,20,0,0.2435606549354191,0.81,0.55,0.0404484934423373,0.2210264029796225,0.8733333333333333,0.81,0.0001156044676926,digits_08,0.03
49,2,20,0,0.2474239154786701,0.58,0.54,0.0495186312238774,0.241904702196369,0.81,0.87,0.0002431692935483,digits_08,0.06
54,2,20,0,0.2474239154786701,0.58,0.54,0.0495186312238774,0.241904702196369,0.81,0.87,0.0002431692935483,digits_08,0.06
75,2,20,0,0.2484795651572029,0.5366666666666666,0.56,0.0443785711831771,0.2463382277761894,0.8066666666666666,0.86,0.0002463327604057,digits_08,0.09
79,2,20,0,0.2484795651572029,0.5366666666666666,0.56,0.0443785711831771,0.2463382277761894,0.8066666666666666,0.86,0.0002463327604057,digits_08,0.09
100,2,20,0,0.2490325263660029,0.5633333333333334,0.55,0.0407523291004658,0.247871779933872,0.8033333333333333,0.85,0.0004470186005451,digits_08,0.12
104,2,20,0,0.2490325263660029,0.5633333333333334,0.55,0.0407523291004658,0.247871779933872,0.8033333333333333,0.85,0.0004470186005451,digits_08,0.12
125,2,20,0,0.2493155975922591,0.5366666666666666,0.56,0.0430880224435657,0.2486492379751015,0.7933333333333333,0.78,0.0003800747677708,digits_08,0.15
129,2,20,0,0.2493155975922591,0.5366666666666666,0.56,0.0430880224435657,0.2486492379751015,0.7933333333333333,0.78,0.0003800747677708,digits_08,0.15
149,2,20,0,0.2495206897807281,0.5366666666666666,0.56,0.040079453183501,0.2490650316955173,0.77,0.74,0.0011374245547779,digits_08,0.18
153,2,20,0,0.2495206897807281,0.5366666666666666,0.56,0.040079453183501,0.2490650316955173,0.77,0.74,0.0011374245547779,digits_08,0.18
175,2,20,0,0.2496221599268668,0.5366666666666666,0.56,0.0434558736717768,0.2493892625665165,0.6666666666666666,0.65,0.0002708302325606,digits_08,0.21
178,2,20,0,0.2496221599268668,0.5366666666666666,0.56,0.0434558736717768,0.2493892625665165,0.6666666666666666,0.65,0.0002708302325606,digits_08,0.21
199,2,20,0,0.249724721690675,0.5366666666666666,0.56,0.0398885404100942,0.2495894947530894,0.5366666666666666,0.56,0.0003193745683892,digits_08,0.24
202,2,20,0,0.249724721690675,0.5366666666666666,0.56,0.0398885404100942,0.2495894947530894,0.5366666666666666,0.56,0.0003193745683892,digits_08,0.24
224,2,20,0,0.2497830005863482,0.5366666666666666,0.56,0.0499969414133782,0.2497356895009573,0.5366666666666666,0.56,0.0003210715076273,digits_08,0.27
227,2,20,0,0.2497830005863482,0.5366666666666666,0.56,0.0499969414133782,0.2497356895009573,0.5366666666666666,0.56,0.0003210715076273,digits_08,0.27
248,2,20,0,0.249812070261039,0.5366666666666666,0.56,0.0360580122083644,0.2497826125411965,0.5366666666666666,0.56,0.0149147871603952,digits_08,0.3
251,2,20,0,0.249812070261039,0.5366666666666666,0.56,0.0360580122083644,0.2497826125411965,0.5366666666666666,0.56,0.0149147871603952,digits_08,0.3
0,2,20,1,0.1452248174201609,0.9166666666666667,0.65,0.0364563609798083,0.0788241411935364,0.9466666666666667,0.87,5.664513789930698e-05,digits_08,0.0
9,2,20,1,0.1452248174201609,0.9166666666666667,0.65,0.0364563609798083,0.0788241411935364,0.9466666666666667,0.87,5.664513789930698e-05,digits_08,0.0
97,2,20,1,0.1052302257072054,0.96,0.66,0.0243126028020155,0.0662735848202018,0.9433333333333334,0.78,0.0001309294633379,digits_08,0.0
25,2,20,1,0.2443981738156645,0.6466666666666667,0.7,0.0286000875192323,0.2166811836468157,0.9333333333333333,0.88,0.000236429101953,digits_08,0.03
33,2,20,1,0.2443981738156645,0.6466666666666667,0.7,0.0286000875192323,0.2166811836468157,0.9333333333333333,0.88,0.000236429101953,digits_08,0.03
48,2,20,1,0.2477103745260961,0.8066666666666666,0.71,0.0434146260538316,0.2401059926379582,0.9166666666666667,0.81,0.0001908144631463,digits_08,0.06
57,2,20,1,0.2477103745260961,0.8066666666666666,0.71,0.0434146260538316,0.2401059926379582,0.9166666666666667,0.81,0.0001908144631463,digits_08,0.06
72,2,20,1,0.2487228916104301,0.8,0.55,0.0496506633660696,0.2453467442396236,0.8566666666666667,0.77,0.0006629382871605,digits_08,0.06
73,2,20,1,0.248585888307359,0.7933333333333333,0.55,0.0498574583551917,0.2452775011212107,0.8766666666666667,0.75,0.000273524473619,digits_08,0.09
82,2,20,1,0.248585888307359,0.7933333333333333,0.55,0.0498574583551917,0.2452775011212107,0.8766666666666667,0.75,0.000273524473619,digits_08,0.09
98,2,20,1,0.2490582181491731,0.7266666666666667,0.56,0.0467144254657848,0.2470150920684148,0.8866666666666667,0.73,0.0005813575425109,digits_08,0.12
107,2,20,1,0.2490582181491731,0.7266666666666667,0.56,0.0467144254657848,0.2470150920684148,0.8866666666666667,0.73,0.0005813575425109,digits_08,0.12
122,2,20,1,0.249571467894871,0.8566666666666667,0.56,0.0494811495084151,0.2485504798862465,0.76,0.65,0.0009146310798386,digits_08,0.12
123,2,20,1,0.2493152336923027,0.6866666666666666,0.56,0.0477047270216094,0.2479870339568347,0.8333333333333334,0.72,0.00055221038388,digits_08,0.15
132,2,20,1,0.2493152336923027,0.6866666666666666,0.56,0.0477047270216094,0.2479870339568347,0.8333333333333334,0.72,0.00055221038388,digits_08,0.15
147,2,20,1,0.2495932945326699,0.5166666666666667,0.56,0.0486290415632692,0.2485945014793294,0.6933333333333334,0.62,0.0007635230729067,digits_08,0.18
156,2,20,1,0.2495932945326699,0.5166666666666667,0.56,0.0486290415632692,0.2485945014793294,0.6933333333333334,0.62,0.0007635230729067,digits_08,0.18
171,2,20,1,0.2498425542190183,0.52,0.56,0.0436467365290975,0.2493652640487281,0.52,0.56,0.0012382553974152,digits_08,0.18
172,2,20,1,0.2497026045298533,0.52,0.56,0.0484854442961911,0.2489799935060769,0.52,0.56,0.0005872081117887,digits_08,0.21
181,2,20,1,0.2497026045298533,0.52,0.56,0.0484854442961911,0.2489799935060769,0.52,0.56,0.0005872081117887,digits_08,0.21
196,2,20,1,0.2497629554472125,0.52,0.56,0.049472451837668,0.2491799204629561,0.52,0.56,0.0013572168308438,digits_08,0.24
205,2,20,1,0.2497629554472125,0.52,0.56,0.049472451837668,0.2491799204629561,0.52,0.56,0.0013572168308438,digits_08,0.24
220,2,20,1,0.2499207634174637,0.52,0.56,0.0466622312845488,0.2496609262164167,0.52,0.56,0.0009810691770307,digits_08,0.24
221,2,20,1,0.2498235896357665,0.52,0.56,0.0319299695310507,0.2493591546530666,0.52,0.56,0.0006269750676128,digits_08,0.27
230,2,20,1,0.2498235896357665,0.52,0.56,0.0319299695310507,0.2493591546530666,0.52,0.56,0.0006269750676128,digits_08,0.27
245,2,20,1,0.2498529573144251,0.52,0.56,0.0497327592224577,0.2494842396052402,0.52,0.56,0.0007595116217197,digits_08,0.3
254,2,20,1,0.2498529573144251,0.52,0.56,0.0497327592224577,0.2494842396052402,0.52,0.56,0.0007595116217197,digits_08,0.3
269,2,20,1,0.2499410597258499,0.52,0.56,0.0455389521111633,0.2498122208405442,0.52,0.56,0.001834458794979,digits_08,0.3
1,2,20,2,0.157392159614108,0.9066666666666666,0.56,0.0205827129932186,0.115989769468787,0.9033333333333332,0.61,0.0001531368907327,digits_08,0.0
10,2,20,2,0.157392159614108,0.9066666666666666,0.56,0.0205827129932186,0.115989769468787,0.9033333333333332,0.61,0.0001531368907327,digits_08,0.0
27,2,20,2,0.2448704593692629,0.73,0.55,0.0497929526521942,0.2274139518801705,0.85,0.61,0.0002358588405717,digits_08,0.03
34,2,20,2,0.2448704593692629,0.73,0.55,0.0497929526521942,0.2274139518801705,0.85,0.61,0.0002358588405717,digits_08,0.03
51,2,20,2,0.2480069633345937,0.67,0.55,0.0298307115817562,0.2430757580038267,0.8233333333333334,0.8,0.000170051177503,digits_08,0.06
58,2,20,2,0.2480069633345937,0.67,0.55,0.0298307115817562,0.2430757580038267,0.8233333333333334,0.8,0.000170051177503,digits_08,0.06
76,2,20,2,0.2487931300514558,0.6,0.51,0.0448801201017477,0.2467526427665584,0.79,0.8,0.0002464014223666,digits_08,0.09
83,2,20,2,0.2487931300514558,0.6,0.51,0.0448801201017477,0.2467526427665584,0.79,0.8,0.0002464014223666,digits_08,0.09
101,2,20,2,0.2491555279146635,0.5366666666666666,0.55,0.0447263733037952,0.2480401543826248,0.8066666666666666,0.79,0.0002958874728018,digits_08,0.12
108,2,20,2,0.2491555279146635,0.5366666666666666,0.55,0.0447263733037952,0.2480401543826248,0.8066666666666666,0.79,0.0002958874728018,digits_08,0.12
126,2,20,2,0.2493795414045707,0.5366666666666666,0.55,0.0451373428629854,0.2487634705577951,0.7933333333333333,0.77,0.0005177854947115,digits_08,0.15
133,2,20,2,0.2493795414045707,0.5366666666666666,0.55,0.0451373428629854,0.2487634705577951,0.7933333333333333,0.77,0.0005177854947115,digits_08,0.15
150,2,20,2,0.2495364521306447,0.5366666666666666,0.55,0.0449368564105408,0.2491180003847339,0.77,0.81,0.0006909558613511,digits_08,0.18
157,2,20,2,0.2495364521306447,0.5366666666666666,0.55,0.0449368564105408,0.2491180003847339,0.77,0.81,0.0006909558613511,digits_08,0.18
174,2,20,2,0.2496979998909577,0.5366666666666666,0.55,0.0496853746181091,0.249366661785883,0.6466666666666666,0.79,0.0006923090301286,digits_08,0.21
182,2,20,2,0.2496979998909577,0.5366666666666666,0.55,0.0496853746181091,0.249366661785883,0.6466666666666666,0.79,0.0006923090301286,digits_08,0.21
198,2,20,2,0.2497601238680711,0.5366666666666666,0.55,0.0490942692782549,0.2495502488689676,0.56,0.61,0.0006871099507768,digits_08,0.24
206,2,20,2,0.2497601238680711,0.5366666666666666,0.55,0.0490942692782549,0.2495502488689676,0.56,0.61,0.0006871099507768,digits_08,0.24
223,2,20,2,0.2497952782235742,0.5366666666666666,0.55,0.0497973527492573,0.2496877588171602,0.5366666666666666,0.55,0.0007334264196962,digits_08,0.27
231,2,20,2,0.2497952782235742,0.5366666666666666,0.55,0.0497973527492573,0.2496877588171602,0.5366666666666666,0.55,0.0007334264196962,digits_08,0.27
247,2,20,2,0.2498224430338024,0.5366666666666666,0.55,0.0491443866606338,0.2497920984530841,0.5366666666666666,0.55,0.0007245951506917,digits_08,0.3
255,2,20,2,0.2498224430338024,0.5366666666666666,0.55,0.0491443866606338,0.2497920984530841,0.5366666666666666,0.55,0.0007245951506917,digits_08,0.3
5,2,20,3,0.376405938826411,0.6033333333333334,0.5900000000000001,0.0229703673452722,0.491386336066367,0.6333333333333333,0.84,0.0001299356474394,digits_08,0.0
11,2,20,3,0.376405938826411,0.6033333333333334,0.5900000000000001,0.0229703673452722,0.491386336066367,0.6333333333333333,0.84,0.0001299356474394,digits_08,0.0
29,2,20,3,0.2540575210329672,0.65,0.62,0.0168421244936324,0.2774935281003197,0.6266666666666667,0.87,0.0002366440557481,digits_08,0.03
35,2,20,3,0.2540575210329672,0.65,0.62,0.0168421244936324,0.2774935281003197,0.6266666666666667,0.87,0.0002366440557481,digits_08,0.03
53,2,20,3,0.2507882724648135,0.72,0.71,0.038235715007411,0.2570436848979546,0.7933333333333334,0.79,0.0002197064405608,digits_08,0.06
59,2,20,3,0.2507882724648135,0.72,0.71,0.038235715007411,0.2570436848979546,0.7933333333333334,0.79,0.0002197064405608,digits_08,0.06
78,2,20,3,0.2508054447212121,0.6933333333333334,0.69,0.0425622505639543,0.2532797618784113,0.8066666666666666,0.81,0.0003641033372979,digits_08,0.09
84,2,20,3,0.2508054447212121,0.6933333333333334,0.69,0.0425622505639543,0.2532797618784113,0.8066666666666666,0.81,0.0003641033372979,digits_08,0.09
102,2,20,3,0.2505333829723016,0.6966666666666668,0.7,0.0453649515925732,0.2518091892063093,0.7933333333333334,0.74,0.00068457653217,digits_08,0.12
109,2,20,3,0.2505333829723016,0.6966666666666668,0.7,0.0453649515925732,0.2518091892063093,0.7933333333333334,0.74,0.00068457653217,digits_08,0.12
127,2,20,3,0.250333063524699,0.6799999999999999,0.69,0.0491833758263014,0.2511839272916946,0.7666666666666667,0.69,0.000745373766321,digits_08,0.15
134,2,20,3,0.250333063524699,0.6799999999999999,0.69,0.0491833758263014,0.2511839272916946,0.7666666666666667,0.69,0.000745373766321,digits_08,0.15
151,2,20,3,0.2502046688109663,0.7233333333333334,0.63,0.0437189814231004,0.2507006649836233,0.7366666666666667,0.6599999999999999,0.0009094440711929,digits_08,0.18
158,2,20,3,0.2502046688109663,0.7233333333333334,0.63,0.0437189814231004,0.2507006649836233,0.7366666666666667,0.6599999999999999,0.0009094440711929,digits_08,0.18
177,2,20,3,0.250152906994102,0.5966666666666667,0.5800000000000001,0.0461514210183857,0.2506844852494131,0.5133333333333333,0.53,0.0010992272438979,digits_08,0.21
183,2,20,3,0.250152906994102,0.5966666666666667,0.5800000000000001,0.0461514210183857,0.2506844852494131,0.5133333333333333,0.53,0.0010992272438979,digits_08,0.21
200,2,20,3,0.2500288101447281,0.5133333333333333,0.54,0.045596933422155,0.2504934807252129,0.5133333333333333,0.54,0.0011040861685805,digits_08,0.24
207,2,20,3,0.2500288101447281,0.5133333333333333,0.54,0.045596933422155,0.2504934807252129,0.5133333333333333,0.54,0.0011040861685805,digits_08,0.24
226,2,20,3,0.2499987800878231,0.5133333333333333,0.54,0.0486605079742236,0.2503616441242096,0.5133333333333333,0.54,0.0007174904808579,digits_08,0.27
232,2,20,3,0.2499987800878231,0.5133333333333333,0.54,0.0486605079742236,0.2503616441242096,0.5133333333333333,0.54,0.0007174904808579,digits_08,0.27
249,2,20,3,0.2499862767666834,0.5133333333333333,0.54,0.0480335121340293,0.2502046861498901,0.5133333333333333,0.54,0.0017202680868075,digits_08,0.3
256,2,20,3,0.2499862767666834,0.5133333333333333,0.54,0.0480335121340293,0.2502046861498901,0.5133333333333333,0.54,0.0017202680868075,digits_08,0.3
2,2,20,4,0.1303641553657651,0.9633333333333334,0.62,0.0158615269938619,0.0892682881428778,0.9233333333333332,0.77,0.0001113229886335,digits_08,0.0
7,2,20,4,0.1303641553657651,0.9633333333333334,0.62,0.0158615269938619,0.0892682881428778,0.9233333333333332,0.77,0.0001113229886335,digits_08,0.0
24,2,20,4,0.24310244621131,0.8933333333333333,0.55,0.0483528467769184,0.2146132537976429,0.88,0.76,0.0001814874587902,digits_08,0.03
31,2,20,4,0.24310244621131,0.8933333333333333,0.55,0.0483528467769184,0.2146132537976429,0.88,0.76,0.0001814874587902,digits_08,0.03
50,2,20,4,0.2472774963833747,0.8033333333333333,0.67,0.0440356216265816,0.2422202187874569,0.8333333333333334,0.74,0.0001201857121821,digits_08,0.06
55,2,20,4,0.2472774963833747,0.8033333333333333,0.67,0.0440356216265816,0.2422202187874569,0.8333333333333334,0.74,0.0001201857121821,digits_08,0.06
74,2,20,4,0.2485170223386761,0.8333333333333334,0.66,0.0445898656756838,0.2457261731492423,0.81,0.75,0.0007658694279894,digits_08,0.09
80,2,20,4,0.2485170223386761,0.8333333333333334,0.66,0.0445898656756838,0.2457261731492423,0.81,0.75,0.0007658694279894,digits_08,0.09
99,2,20,4,0.2489947549231623,0.8233333333333334,0.6,0.0477970977309928,0.2473781340570255,0.81,0.75,0.0005444798409069,digits_08,0.12
105,2,20,4,0.2489947549231623,0.8233333333333334,0.6,0.0477970977309928,0.2473781340570255,0.81,0.75,0.0005444798409069,digits_08,0.12
124,2,20,4,0.2493218888269555,0.73,0.51,0.0477798612881091,0.2480986276667701,0.82,0.73,0.0006469573739542,digits_08,0.15
130,2,20,4,0.2493218888269555,0.73,0.51,0.0477798612881091,0.2480986276667701,0.82,0.73,0.0006469573739542,digits_08,0.15
148,2,20,4,0.2495455092069371,0.5066666666666667,0.53,0.0478606472333982,0.2488196231893786,0.74,0.62,0.0007310895942156,digits_08,0.18
154,2,20,4,0.2495455092069371,0.5066666666666667,0.53,0.0478606472333982,0.2488196231893786,0.74,0.62,0.0007310895942156,digits_08,0.18
173,2,20,4,0.2497517835559586,0.5066666666666667,0.53,0.0486680303743136,0.2491219994181276,0.5533333333333333,0.58,0.0006626251057217,digits_08,0.21
179,2,20,4,0.2497517835559586,0.5066666666666667,0.53,0.0486680303743136,0.2491219994181276,0.5533333333333333,0.58,0.0006626251057217,digits_08,0.21
197,2,20,4,0.2498392002015923,0.5066666666666667,0.53,0.0486385862009528,0.2493097806672243,0.5066666666666667,0.53,0.0005936547232589,digits_08,0.24
203,2,20,4,0.2498392002015923,0.5066666666666667,0.53,0.0486385862009528,0.2493097806672243,0.5066666666666667,0.53,0.0005936547232589,digits_08,0.24
222,2,20,4,0.2498869000745992,0.5066666666666667,0.53,0.0499090851213497,0.249482527515517,0.5066666666666667,0.53,0.0005166095177571,digits_08,0.27
228,2,20,4,0.2498869000745992,0.5066666666666667,0.53,0.0499090851213497,0.249482527515517,0.5066666666666667,0.53,0.0005166095177571,digits_08,0.27
246,2,20,4,0.2499181551885498,0.5066666666666667,0.53,0.0486405728468793,0.2496034315945148,0.5066666666666667,0.53,0.0004873161325844,digits_08,0.3
252,2,20,4,0.2499181551885498,0.5066666666666667,0.53,0.0486405728468793,0.2496034315945148,0.5066666666666667,0.53,0.0004873161325844,digits_08,0.3
4,2,20,5,0.2139886097524604,0.9333333333333332,0.6,0.0193612982953358,0.2292069362208784,0.9233333333333332,0.87,0.0002942502138253,digits_08,0.0
8,2,20,5,0.2139886097524604,0.9333333333333332,0.6,0.0193612982953358,0.2292069362208784,0.9233333333333332,0.87,0.0002942502138253,digits_08,0.0
28,2,20,5,0.2520167752124523,0.8733333333333333,0.55,0.0181296245475691,0.2449442253674479,0.8933333333333333,0.85,0.0001460332108734,digits_08,0.03
32,2,20,5,0.2520167752124523,0.8733333333333333,0.55,0.0181296245475691,0.2449442253674479,0.8933333333333333,0.85,0.0001460332108734,digits_08,0.03
52,2,20,5,0.2517527713339304,0.6633333333333333,0.7,0.0487832012619811,0.2530388341649849,0.85,0.76,0.0001055682179171,digits_08,0.06
56,2,20,5,0.2517527713339304,0.6633333333333333,0.7,0.0487832012619811,0.2530388341649849,0.85,0.76,0.0001055682179171,digits_08,0.06
77,2,20,5,0.2512744029591919,0.7566666666666667,0.65,0.0469251831053716,0.2535752109601047,0.83,0.85,0.0006541878166393,digits_08,0.09
81,2,20,5,0.2512744029591919,0.7566666666666667,0.65,0.0469251831053716,0.2535752109601047,0.83,0.85,0.0006541878166393,digits_08,0.09
103,2,20,5,0.2507575459847668,0.67,0.6699999999999999,0.0434008972072283,0.2520380653503882,0.8333333333333334,0.86,0.0002833956427717,digits_08,0.12
106,2,20,5,0.2507575459847668,0.67,0.6699999999999999,0.0434008972072283,0.2520380653503882,0.8333333333333334,0.86,0.0002833956427717,digits_08,0.12
128,2,20,5,0.2503697637017267,0.5766666666666667,0.6599999999999999,0.0292106913986458,0.2518304911179881,0.8166666666666667,0.75,0.0003312541848808,digits_08,0.15
131,2,20,5,0.2503697637017267,0.5766666666666667,0.6599999999999999,0.0292106913986458,0.2518304911179881,0.8166666666666667,0.75,0.0003312541848808,digits_08,0.15
152,2,20,5,0.2503036685007604,0.53,0.5800000000000001,0.0495786153519172,0.2511497168680418,0.7966666666666666,0.73,0.0005259772562793,digits_08,0.18
155,2,20,5,0.2503036685007604,0.53,0.5800000000000001,0.0495786153519172,0.2511497168680418,0.7966666666666666,0.73,0.0005259772562793,digits_08,0.18
176,2,20,5,0.2500961491301556,0.5233333333333333,0.51,0.0149211677320539,0.2505629713736945,0.7566666666666667,0.6699999999999999,0.0010356180386738,digits_08,0.21
180,2,20,5,0.2500961491301556,0.5233333333333333,0.51,0.0149211677320539,0.2505629713736945,0.7566666666666667,0.6699999999999999,0.0010356180386738,digits_08,0.21
201,2,20,5,0.2500907005057871,0.5233333333333333,0.52,0.0452119568347948,0.2505596264516878,0.7233333333333334,0.62,0.00071346014093,digits_08,0.24
204,2,20,5,0.2500907005057871,0.5233333333333333,0.52,0.0452119568347948,0.2505596264516878,0.7233333333333334,0.62,0.00071346014093,digits_08,0.24
225,2,20,5,0.2500797628668327,0.5233333333333333,0.52,0.0372315635786551,0.2501249184646548,0.5233333333333333,0.52,0.0027466542580292,digits_08,0.27
229,2,20,5,0.2500797628668327,0.5233333333333333,0.52,0.0372315635786551,0.2501249184646548,0.5233333333333333,0.52,0.0027466542580292,digits_08,0.27
250,2,20,5,0.2500524286338332,0.5233333333333333,0.52,0.0141230849073143,0.2502950796416728,0.5233333333333333,0.52,0.0001270356269295,digits_08,0.3
253,2,20,5,0.2500524286338332,0.5233333333333333,0.52,0.0141230849073143,0.2502950796416728,0.5233333333333333,0.52,0.0001270356269295,digits_08,0.3
15,2,20,0,0.1173108575635601,0.9333333333333332,0.5142857142857142,0.0360337718020692,0.0924719499871741,0.9333333333333332,0.7428571428571429,0.0001792949716803,iris,0.0
18,2,20,0,0.1173108575635601,0.9333333333333332,0.5142857142857142,0.0360337718020692,0.0924719499871741,0.9333333333333332,0.7428571428571429,0.0001792949716803,iris,0.0
36,2,20,0,0.2449329813728655,0.9,0.5714285714285714,0.0492283329479375,0.2221816074773684,0.9333333333333332,0.8857142857142857,0.0001939040140595,iris,0.03
42,2,20,0,0.2449329813728655,0.9,0.5714285714285714,0.0492283329479375,0.2221816074773684,0.9333333333333332,0.8857142857142857,0.0001939040140595,iris,0.03
60,2,20,0,0.2486849538428263,0.8,0.5571428571428572,0.0499681675655028,0.2431331198119968,0.9666666666666668,0.8285714285714286,0.0003073292983039,iris,0.06
66,2,20,0,0.2486849538428263,0.8,0.5571428571428572,0.0499681675655028,0.2431331198119968,0.9666666666666668,0.8285714285714286,0.0003073292983039,iris,0.06
85,2,20,0,0.2492464725848236,0.7333333333333333,0.5714285714285714,0.0499920588209374,0.2465094632396915,0.9333333333333332,0.8428571428571429,0.0002959310207171,iris,0.09
91,2,20,0,0.2492464725848236,0.7333333333333333,0.5714285714285714,0.0499920588209374,0.2465094632396915,0.9333333333333332,0.8428571428571429,0.0002959310207171,iris,0.09
110,2,20,0,0.2495664480736875,0.6333333333333333,0.6285714285714286,0.0498016710290076,0.2479099875882239,0.9333333333333332,0.8285714285714286,0.0005970351556136,iris,0.12
116,2,20,0,0.2495664480736875,0.6333333333333333,0.6285714285714286,0.0498016710290076,0.2479099875882239,0.9333333333333332,0.8285714285714286,0.0005970351556136,iris,0.12
135,2,20,0,0.2497234674825486,0.6,0.6714285714285714,0.0495893714782527,0.2486358585345267,0.9333333333333332,0.8428571428571429,0.000582935874447,iris,0.15
141,2,20,0,0.2497234674825486,0.6,0.6714285714285714,0.0495893714782527,0.2486358585345267,0.9333333333333332,0.8428571428571429,0.000582935874447,iris,0.15
159,2,20,0,0.2498312472679781,0.6,0.6142857142857143,0.0496705510259716,0.249020519645474,0.8666666666666667,0.8,0.0006754033379628,iris,0.18
165,2,20,0,0.2498312472679781,0.6,0.6142857142857143,0.0496705510259716,0.249020519645474,0.8666666666666667,0.8,0.0006754033379628,iris,0.18
184,2,20,0,0.2498794660766746,0.5666666666666667,0.5428571428571429,0.0458797251570778,0.2492838151903422,0.7666666666666667,0.7428571428571429,0.0007737541750584,iris,0.21
190,2,20,0,0.2498794660766746,0.5666666666666667,0.5428571428571429,0.0458797251570778,0.2492838151903422,0.7666666666666667,0.7428571428571429,0.0007737541750584,iris,0.21
210,2,20,0,0.249914560206474,0.5666666666666667,0.5428571428571429,0.049940772952614,0.2495131314991382,0.5666666666666667,0.6428571428571429,0.0009715203636751,iris,0.24
214,2,20,0,0.249914560206474,0.5666666666666667,0.5428571428571429,0.049940772952614,0.2495131314991382,0.5666666666666667,0.6428571428571429,0.0009715203636751,iris,0.24
234,2,20,0,0.2500470619904024,0.5333333333333333,0.5142857142857142,0.0127171308208457,0.2496233102219986,0.5333333333333333,0.5142857142857142,0.0009723012771553,iris,0.27
239,2,20,0,0.2500470619904024,0.5333333333333333,0.5142857142857142,0.0127171308208457,0.2496233102219986,0.5333333333333333,0.5142857142857142,0.0009723012771553,iris,0.27
260,2,20,0,0.2499615732937631,0.6,0.5571428571428572,0.049146858364509,0.2497264039899302,0.5333333333333333,0.5142857142857142,0.0010580874519317,iris,0.3
263,2,20,0,0.2499615732937631,0.6,0.5571428571428572,0.049146858364509,0.2497264039899302,0.5333333333333333,0.5142857142857142,0.0010580874519317,iris,0.3
13,2,20,1,0.1221155807188315,0.9333333333333333,0.5285714285714286,0.0257961646471017,0.0885357908488981,1.0,0.5285714285714286,8.932186942172113e-05,iris,0.0
22,2,20,1,0.1221155807188315,0.9333333333333333,0.5285714285714286,0.0257961646471017,0.0885357908488981,1.0,0.5285714285714286,8.932186942172113e-05,iris,0.0
38,2,20,1,0.2448699393677434,0.8333333333333334,0.5285714285714286,0.027342173472238,0.2306983429393464,0.9333333333333333,0.5285714285714286,9.254334049280128e-05,iris,0.03
46,2,20,1,0.2448699393677434,0.8333333333333334,0.5285714285714286,0.027342173472238,0.2306983429393464,0.9333333333333333,0.5285714285714286,9.254334049280128e-05,iris,0.03
63,2,20,1,0.2486739194957906,0.7333333333333334,0.5142857142857142,0.0462780263613677,0.2468604719490984,0.7333333333333334,0.5285714285714286,0.0003203223823217,iris,0.06
70,2,20,1,0.2486739194957906,0.7333333333333334,0.5142857142857142,0.0462780263613677,0.2468604719490984,0.7333333333333334,0.5285714285714286,0.0003203223823217,iris,0.06
87,2,20,1,0.2491578443297129,0.6666666666666667,0.5142857142857142,0.0499050950942532,0.2481869909170966,0.6333333333333334,0.5142857142857142,0.000587725786808,iris,0.09
95,2,20,1,0.2491578443297129,0.6666666666666667,0.5142857142857142,0.0499050950942532,0.2481869909170966,0.6333333333333334,0.5142857142857142,0.000587725786808,iris,0.09
112,2,20,1,0.2494186076329435,0.6333333333333334,0.5142857142857142,0.0485963270384407,0.248655821563212,0.6666666666666667,0.5142857142857142,0.0014703323173509,iris,0.12
120,2,20,1,0.2494186076329435,0.6333333333333334,0.5142857142857142,0.0485963270384407,0.248655821563212,0.6666666666666667,0.5142857142857142,0.0014703323173509,iris,0.12
138,2,20,1,0.2495929681695239,0.5333333333333333,0.5142857142857142,0.0481070651401544,0.2490020717855494,0.6,0.5142857142857142,0.0012685561506817,iris,0.15
145,2,20,1,0.2495929681695239,0.5333333333333333,0.5142857142857142,0.0481070651401544,0.2490020717855494,0.6,0.5142857142857142,0.0012685561506817,iris,0.15
162,2,20,1,0.2497069180696855,0.5333333333333333,0.5142857142857142,0.0440769377814209,0.2491717892714829,0.5333333333333333,0.5142857142857142,0.0011050162175764,iris,0.18
169,2,20,1,0.2497069180696855,0.5333333333333333,0.5142857142857142,0.0440769377814209,0.2491717892714829,0.5333333333333333,0.5142857142857142,0.0011050162175764,iris,0.18
187,2,20,1,0.2497690497161305,0.5333333333333333,0.5142857142857142,0.0480972248852834,0.2493478489366234,0.5333333333333333,0.5142857142857142,0.0015036107399497,iris,0.21
193,2,20,1,0.2497690497161305,0.5333333333333333,0.5142857142857142,0.0480972248852834,0.2493478489366234,0.5333333333333333,0.5142857142857142,0.0015036107399497,iris,0.21
211,2,20,1,0.2498208038664386,0.5333333333333333,0.5142857142857142,0.049048759750894,0.2494869912208177,0.5333333333333333,0.5142857142857142,0.0017364841518512,iris,0.24
217,2,20,1,0.2498208038664386,0.5333333333333333,0.5142857142857142,0.049048759750894,0.2494869912208177,0.5333333333333333,0.5142857142857142,0.0017364841518512,iris,0.24
236,2,20,1,0.2498601304026698,0.5333333333333333,0.5142857142857142,0.0487930871260482,0.2495577626919115,0.5333333333333333,0.5142857142857142,0.0014234705485616,iris,0.27
240,2,20,1,0.2498601304026698,0.5333333333333333,0.5142857142857142,0.0487930871260482,0.2495577626919115,0.5333333333333333,0.5142857142857142,0.0014234705485616,iris,0.27
259,2,20,1,0.2498813463661915,0.5333333333333333,0.5142857142857142,0.0483728049216976,0.2496302122240521,0.5333333333333333,0.5142857142857142,0.0017541699569924,iris,0.3
264,2,20,1,0.2498813463661915,0.5333333333333333,0.5142857142857142,0.0483728049216976,0.2496302122240521,0.5333333333333333,0.5142857142857142,0.0017541699569924,iris,0.3
14,2,20,2,0.1148749852658709,0.9666666666666668,0.5857142857142856,0.0317527624220998,0.0827933409982401,0.9333333333333332,0.5714285714285715,0.0001254703491631,iris,0.0
23,2,20,2,0.1148749852658709,0.9666666666666668,0.5857142857142856,0.0317527624220998,0.0827933409982401,0.9333333333333332,0.5714285714285715,0.0001254703491631,iris,0.0
37,2,20,2,0.2442222233304014,0.9333333333333332,0.6142857142857143,0.030571830035655,0.2253619539252813,1.0,0.6142857142857143,0.000216352902501,iris,0.03
47,2,20,2,0.2442222233304014,0.9333333333333332,0.6142857142857143,0.030571830035655,0.2253619539252813,1.0,0.6142857142857143,0.000216352902501,iris,0.03
61,2,20,2,0.2487309697504231,0.8,0.5142857142857142,0.0481620847421717,0.2459466316195035,0.9333333333333332,0.7142857142857143,0.0001811610084016,iris,0.06
71,2,20,2,0.2487309697504231,0.8,0.5142857142857142,0.0481620847421717,0.2459466316195035,0.9333333333333332,0.7142857142857143,0.0001811610084016,iris,0.06
86,2,20,2,0.2493806466187232,0.5333333333333333,0.5142857142857142,0.0492305848667992,0.2477692704700983,0.8333333333333334,0.6142857142857143,0.0005643349294007,iris,0.09
96,2,20,2,0.2493806466187232,0.5333333333333333,0.5142857142857142,0.0492305848667992,0.2477692704700983,0.8333333333333334,0.6142857142857143,0.0005643349294007,iris,0.09
111,2,20,2,0.24961088867077,0.5,0.5,0.0488935347191644,0.2484884805291831,0.8666666666666667,0.7428571428571429,0.0004446320760527,iris,0.12
121,2,20,2,0.24961088867077,0.5,0.5,0.0488935347191644,0.2484884805291831,0.8666666666666667,0.7428571428571429,0.0004446320760527,iris,0.12
136,2,20,2,0.2497321811406344,0.5,0.5,0.048529560851468,0.2487687182087342,0.8333333333333334,0.7857142857142857,0.0007163707007572,iris,0.15
146,2,20,2,0.2497321811406344,0.5,0.5,0.048529560851468,0.2487687182087342,0.8333333333333334,0.7857142857142857,0.0007163707007572,iris,0.15
160,2,20,2,0.2498134131050794,0.5,0.5,0.0490325229646794,0.2490998525843522,0.7333333333333333,0.7571428571428571,0.0007672142372432,iris,0.18
170,2,20,2,0.2498134131050794,0.5,0.5,0.0490325229646794,0.2490998525843522,0.7333333333333333,0.7571428571428571,0.0007672142372432,iris,0.18
185,2,20,2,0.2498740885797879,0.5,0.5,0.0487220840085919,0.2493255477791076,0.7,0.7428571428571429,0.0010374104704105,iris,0.21
194,2,20,2,0.2498740885797879,0.5,0.5,0.0487220840085919,0.2493255477791076,0.7,0.7428571428571429,0.0010374104704105,iris,0.21
209,2,20,2,0.2499133476415916,0.5,0.5,0.0488578669591358,0.2495055805885989,0.5,0.5,0.0009665469277465,iris,0.24
218,2,20,2,0.2499133476415916,0.5,0.5,0.0488578669591358,0.2495055805885989,0.5,0.5,0.0009665469277465,iris,0.24
235,2,20,2,0.2499419618427431,0.5,0.5,0.0493941846978825,0.2496311759733924,0.5,0.5,0.0009479852955261,iris,0.27
242,2,20,2,0.2499419618427431,0.5,0.5,0.0493941846978825,0.2496311759733924,0.5,0.5,0.0009479852955261,iris,0.27
258,2,20,2,0.2499638734432306,0.5,0.5,0.0496957184671983,0.2497086622253085,0.5,0.5,0.0010617494926827,iris,0.3
266,2,20,2,0.2499638734432306,0.5,0.5,0.0496957184671983,0.2497086622253085,0.5,0.5,0.0010617494926827,iris,0.3
17,2,20,3,0.4324868418646582,0.6333333333333333,0.5714285714285714,0.021488333940763,0.534980755749632,0.6666666666666666,0.6714285714285714,0.0002260141023703,iris,0.0
19,2,20,3,0.4324868418646582,0.6333333333333333,0.5714285714285714,0.021488333940763,0.534980755749632,0.6666666666666666,0.6714285714285714,0.0002260141023703,iris,0.0
41,2,20,3,0.2480352404452765,0.6333333333333333,0.5142857142857142,0.0281504944621221,0.279362221503063,0.6333333333333333,0.7857142857142857,0.0001055537988352,iris,0.03
43,2,20,3,0.2480352404452765,0.6333333333333333,0.5142857142857142,0.0281504944621221,0.279362221503063,0.6333333333333333,0.7857142857142857,0.0001055537988352,iris,0.03
65,2,20,3,0.2496204843619435,0.6333333333333333,0.6428571428571429,0.0490386357139316,0.2559694253150674,0.6333333333333334,0.5714285714285714,0.0002905399182768,iris,0.06
67,2,20,3,0.2496204843619435,0.6333333333333333,0.6428571428571429,0.0490386357139316,0.2559694253150674,0.6333333333333334,0.5714285714285714,0.0002905399182768,iris,0.06
90,2,20,3,0.2499304145241548,0.5,0.6571428571428573,0.0451087143661667,0.2533406012886882,0.6666666666666667,0.6142857142857143,0.0005247338278695,iris,0.09
92,2,20,3,0.2499304145241548,0.5,0.6571428571428573,0.0451087143661667,0.2533406012886882,0.6666666666666667,0.6142857142857143,0.0005247338278695,iris,0.09
115,2,20,3,0.2500835217047483,0.6,0.6142857142857143,0.0489708340192211,0.2521381639269652,0.6333333333333334,0.5571428571428572,0.0006971994371747,iris,0.12
117,2,20,3,0.2500835217047483,0.6,0.6142857142857143,0.0489708340192211,0.2521381639269652,0.6333333333333334,0.5571428571428572,0.0006971994371747,iris,0.12
140,2,20,3,0.2501342520418748,0.6333333333333334,0.6285714285714286,0.0496030828481012,0.2515948914816485,0.6333333333333334,0.5571428571428572,0.000903201575733,iris,0.15
142,2,20,3,0.2501342520418748,0.6333333333333334,0.6285714285714286,0.0496030828481012,0.2515948914816485,0.6333333333333334,0.5571428571428572,0.000903201575733,iris,0.15
164,2,20,3,0.2501844428189837,0.6666666666666667,0.5428571428571429,0.0478181790605465,0.2512894970637694,0.6333333333333334,0.5571428571428572,0.0012682343082966,iris,0.18
166,2,20,3,0.2501844428189837,0.6666666666666667,0.5428571428571429,0.0478181790605465,0.2512894970637694,0.6333333333333334,0.5571428571428572,0.0012682343082966,iris,0.18
189,2,20,3,0.2503860502845654,0.6333333333333334,0.5571428571428572,0.0498258705631088,0.2512035051394716,0.6333333333333334,0.5571428571428572,0.0010149709933259,iris,0.21
195,2,20,3,0.2503860502845654,0.6333333333333334,0.5571428571428572,0.0498258705631088,0.2512035051394716,0.6333333333333334,0.5571428571428572,0.0010149709933259,iris,0.21
212,2,20,3,0.2504792333226792,0.6333333333333334,0.5571428571428572,0.0496608103641973,0.2505154036588461,0.6333333333333334,0.5571428571428572,0.0138651596850766,iris,0.24
219,2,20,3,0.2504792333226792,0.6333333333333334,0.5571428571428572,0.0496608103641973,0.2505154036588461,0.6333333333333334,0.5571428571428572,0.0138651596850766,iris,0.24
238,2,20,3,0.2504513914501257,0.6333333333333334,0.5571428571428572,0.048404020712193,0.2508502486470343,0.6333333333333334,0.5571428571428572,0.0013940920095645,iris,0.27
243,2,20,3,0.2504513914501257,0.6333333333333334,0.5571428571428572,0.048404020712193,0.2508502486470343,0.6333333333333334,0.5571428571428572,0.0013940920095645,iris,0.27
261,2,20,3,0.2504376178593474,0.6333333333333334,0.5571428571428572,0.0484635281458567,0.2504845544075323,0.6333333333333334,0.5571428571428572,0.0406259519334438,iris,0.3
267,2,20,3,0.2504376178593474,0.6333333333333334,0.5571428571428572,0.0484635281458567,0.2504845544075323,0.6333333333333334,0.5571428571428572,0.0406259519334438,iris,0.3
16,2,20,4,0.1007481384964293,1.0,0.5428571428571429,0.0130551080054065,0.1015528334558777,0.9333333333333332,0.6428571428571429,0.0001599459613023,iris,0.0
20,2,20,4,0.1007481384964293,1.0,0.5428571428571429,0.0130551080054065,0.1015528334558777,0.9333333333333332,0.6428571428571429,0.0001599459613023,iris,0.0
39,2,20,4,0.2425778157734447,0.9333333333333332,0.5857142857142856,0.0183514804887676,0.2284633909673153,0.9,0.5857142857142856,0.000177172521199,iris,0.03
44,2,20,4,0.2425778157734447,0.9333333333333332,0.5857142857142856,0.0183514804887676,0.2284633909673153,0.9,0.5857142857142856,0.000177172521199,iris,0.03
62,2,20,4,0.2474019848497583,0.6666666666666666,0.5714285714285715,0.0476536228426262,0.245200987055664,0.7,0.5714285714285715,0.0001509283796134,iris,0.06
68,2,20,4,0.2474019848497583,0.6666666666666666,0.5714285714285715,0.0476536228426262,0.245200987055664,0.7,0.5714285714285715,0.0001509283796134,iris,0.06
88,2,20,4,0.2482548639813041,0.6666666666666666,0.5714285714285715,0.0498667606695149,0.2474558197279382,0.6666666666666666,0.5714285714285715,0.0004279980446901,iris,0.09
93,2,20,4,0.2482548639813041,0.6666666666666666,0.5714285714285715,0.0498667606695149,0.2474558197279382,0.6666666666666666,0.5714285714285715,0.0004279980446901,iris,0.09
113,2,20,4,0.2486989511168097,0.6666666666666666,0.5714285714285715,0.0488458486990098,0.2479821264590239,0.6666666666666666,0.5714285714285715,0.0005296409701037,iris,0.12
118,2,20,4,0.2486989511168097,0.6666666666666666,0.5714285714285715,0.0488458486990098,0.2479821264590239,0.6666666666666666,0.5714285714285715,0.0005296409701037,iris,0.12
137,2,20,4,0.2489397194774909,0.6666666666666666,0.5714285714285715,0.049117441279461,0.248296892380172,0.6666666666666666,0.5714285714285715,0.00044762520518,iris,0.15
143,2,20,4,0.2489397194774909,0.6666666666666666,0.5714285714285715,0.049117441279461,0.248296892380172,0.6666666666666666,0.5714285714285715,0.00044762520518,iris,0.15
161,2,20,4,0.2490884375053185,0.6666666666666666,0.5714285714285715,0.0496757691088277,0.2485054865073052,0.6666666666666666,0.5714285714285715,0.0004807221369502,iris,0.18
167,2,20,4,0.2490884375053185,0.6666666666666666,0.5714285714285715,0.0496757691088277,0.2485054865073052,0.6666666666666666,0.5714285714285715,0.0004807221369502,iris,0.18
186,2,20,4,0.2491946609523271,0.6666666666666666,0.5714285714285715,0.0473755039357042,0.2486616142375059,0.6666666666666666,0.5714285714285715,0.0004824147532335,iris,0.21
191,2,20,4,0.2491946609523271,0.6666666666666666,0.5714285714285715,0.0473755039357042,0.2486616142375059,0.6666666666666666,0.5714285714285715,0.0004824147532335,iris,0.21
208,2,20,4,0.2492765235248978,0.6666666666666666,0.5714285714285715,0.0496108568588085,0.2487864669152777,0.6666666666666666,0.5714285714285715,0.0005155245085952,iris,0.24
215,2,20,4,0.2492765235248978,0.6666666666666666,0.5714285714285715,0.0496108568588085,0.2487864669152777,0.6666666666666666,0.5714285714285715,0.0005155245085952,iris,0.24
233,2,20,4,0.249339014122561,0.6666666666666666,0.5714285714285715,0.04943970141859,0.2488886195371731,0.6666666666666666,0.5714285714285715,0.000507580593816,iris,0.27
244,2,20,4,0.249339014122561,0.6666666666666666,0.5714285714285715,0.04943970141859,0.2488886195371731,0.6666666666666666,0.5714285714285715,0.000507580593816,iris,0.27
257,2,20,4,0.2493824438854426,0.6666666666666666,0.5714285714285715,0.0490564000576146,0.2489736335606411,0.6666666666666666,0.5714285714285715,0.0004573328975084,iris,0.3
268,2,20,4,0.2493824438854426,0.6666666666666666,0.5714285714285715,0.0490564000576146,0.2489736335606411,0.6666666666666666,0.5714285714285715,0.0004573328975084,iris,0.3
12,2,20,5,0.2299502074371709,0.9333333333333332,0.5285714285714286,0.006275035566177,0.187722371941697,0.8666666666666667,0.7571428571428572,0.0001003048162594,iris,0.0
21,2,20,5,0.2299502074371709,0.9333333333333332,0.5285714285714286,0.006275035566177,0.187722371941697,0.8666666666666667,0.7571428571428572,0.0001003048162594,iris,0.0
40,2,20,5,0.2506455324593944,0.7333333333333333,0.5142857142857142,0.0202548103724356,0.2491215763606963,0.7666666666666667,0.6571428571428573,8.473975609899215e-05,iris,0.03
45,2,20,5,0.2506455324593944,0.7333333333333333,0.5142857142857142,0.0202548103724356,0.2491215763606963,0.7666666666666667,0.6571428571428573,8.473975609899215e-05,iris,0.03
64,2,20,5,0.2505277614346609,0.5,0.6285714285714286,0.0458845736204937,0.2507630443746741,0.6666666666666666,0.5571428571428572,0.0001103254660793,iris,0.06
69,2,20,5,0.2505277614346609,0.5,0.6285714285714286,0.0458845736204937,0.2507630443746741,0.6666666666666666,0.5571428571428572,0.0001103254660793,iris,0.06
89,2,20,5,0.250328301304725,0.5,0.5714285714285715,0.0453791659895171,0.251178443709606,0.5333333333333333,0.5,0.0009328212041955,iris,0.09
94,2,20,5,0.250328301304725,0.5,0.5714285714285715,0.0453791659895171,0.251178443709606,0.5333333333333333,0.5,0.0009328212041955,iris,0.09
114,2,20,5,0.2500992351859015,0.5,0.5571428571428572,0.0480937667014043,0.2508759723977289,0.5,0.5,0.000585801010157,iris,0.12
119,2,20,5,0.2500992351859015,0.5,0.5571428571428572,0.0480937667014043,0.2508759723977289,0.5,0.5,0.000585801010157,iris,0.12
139,2,20,5,0.2500540262385569,0.5,0.5142857142857142,0.0451333958423428,0.2506373022960091,0.5,0.5,0.0007873817306969,iris,0.15
144,2,20,5,0.2500540262385569,0.5,0.5142857142857142,0.0451333958423428,0.2506373022960091,0.5,0.5,0.0007873817306969,iris,0.15
163,2,20,5,0.2500583579199489,0.5,0.5714285714285714,0.0494384563911841,0.2505006957081069,0.5,0.5,0.0006739500301694,iris,0.18
168,2,20,5,0.2500583579199489,0.5,0.5714285714285714,0.0494384563911841,0.2505006957081069,0.5,0.5,0.0006739500301694,iris,0.18
188,2,20,5,0.2500664954069336,0.5,0.5,0.0459182983437104,0.2503688295268732,0.5,0.5,0.0008404377128709,iris,0.21
192,2,20,5,0.2500664954069336,0.5,0.5,0.0459182983437104,0.2503688295268732,0.5,0.5,0.0008404377128709,iris,0.21
213,2,20,5,0.2500588426727479,0.5,0.5,0.0460461611541017,0.2502733763443685,0.5,0.5,0.0004413672636627,iris,0.24
216,2,20,5,0.2500588426727479,0.5,0.5,0.0460461611541017,0.2502733763443685,0.5,0.5,0.0004413672636627,iris,0.24
237,2,20,5,0.2500420187472788,0.5,0.5,0.0489193122357182,0.2502125583666925,0.5,0.5,0.000278684465868,iris,0.27
241,2,20,5,0.2500420187472788,0.5,0.5,0.0489193122357182,0.2502125583666925,0.5,0.5,0.000278684465868,iris,0.27
262,2,20,5,0.2500280310383228,0.5,0.5,0.0433281261499678,0.2501942527840524,0.5,0.5,0.0008551359574708,iris,0.3
265,2,20,5,0.2500280310383228,0.5,0.5,0.0433281261499678,0.2501942527840524,0.5,0.5,0.0008551359574708,iris,0.3
