n_qubits,n_layers,seed,dataset,model,train_loss,test_loss,acc_train,acc_test,lr
2,1,0,digits_08,gate,0.2233602914000579,0.2909388764208101,0.64,0.6,0.0333175406576537
2,1,1,digits_08,gate,0.1877030352621821,0.2530411950609423,0.5866666666666667,0.54,0.0276491315738804
2,1,2,digits_08,gate,0.2129232709405742,0.2555650052284368,0.6766666666666666,0.53,0.0156353188540212
2,1,3,digits_08,gate,0.3069368727129282,0.2587320453432687,0.51,0.54,0.0214708737588822
2,1,4,digits_08,gate,0.2244712234330007,0.2687255686649943,0.6333333333333333,0.68,0.0191018063270768
2,1,5,digits_08,gate,0.2340174535309679,0.3147422585898593,0.6333333333333333,0.52,0.0178203497041617
2,5,0,digits_08,gate,0.1074121829480505,0.2364059360519001,0.8833333333333333,0.58,0.0345150419551163
2,5,1,digits_08,gate,0.0995233181561993,0.3120997449084868,0.72,0.68,0.0357765722390815
2,5,2,digits_08,gate,0.1241215453787826,0.1566971330039355,0.8566666666666667,0.54,0.0395301729773858
2,5,3,digits_08,gate,0.436045475053778,0.3413628905366295,0.6766666666666666,0.7,0.0307063371997947
2,5,4,digits_08,gate,0.0853896555380976,0.4055461741234324,0.92,0.6,0.0311215944760162
2,5,5,digits_08,gate,0.2369784963140586,0.2778038848529032,0.9,0.57,0.0132256554411407
2,6,0,digits_08,gate,0.0816566932725622,0.2100182344548847,0.9366666666666666,0.43,0.0497264092110268
2,10,0,digits_08,gate,0.1125498033246762,0.2244250401744335,0.91,0.54,0.0222588918101013
2,10,1,digits_08,gate,0.119989322383577,0.2812875618388593,0.7966666666666666,0.64,0.0159007151755017
2,10,2,digits_08,gate,0.1330880564053372,0.2088038742047701,0.8666666666666667,0.58,0.0163597188787288
2,10,3,digits_08,gate,0.410760131233814,0.3104752814387188,0.6,0.64,0.0161777157647095
2,10,4,digits_08,gate,0.1011169956203589,0.3476625760955353,0.9233333333333332,0.62,0.0442648553285861
2,10,5,digits_08,gate,0.1892873767956869,0.3455265404668449,0.93,0.5800000000000001,0.0338783142171087
2,11,0,digits_08,gate,0.1012219628331104,0.2258659869371076,0.9533333333333334,0.53,0.0205450465086642
2,15,0,digits_08,gate,0.1249523499050434,0.217969409541202,0.92,0.59,0.0276288258398894
2,15,1,digits_08,gate,0.1347129796421678,0.2964283515872394,0.9233333333333332,0.7,0.0146950030856364
2,15,2,digits_08,gate,0.1462424393706615,0.207911322844144,0.9,0.64,0.0209198494281548
2,15,3,digits_08,gate,0.4038510431968923,0.3333958738485846,0.6333333333333333,0.72,0.0125767049104097
2,15,4,digits_08,gate,0.115958212218565,0.3327950641399914,0.95,0.53,0.0170018403507053
2,15,5,digits_08,gate,0.2562615458403074,0.2996052444829683,0.97,0.55,0.0149745022034115
2,16,0,digits_08,gate,0.1185388620634726,0.2801969012172851,0.9633333333333334,0.5,0.0209129905566639
2,20,0,digits_08,gate,0.1444974043158028,0.2195626144081367,0.9366666666666666,0.53,0.0204234522361044
2,20,1,digits_08,gate,0.1441612334177046,0.263952770273856,0.8666666666666667,0.59,0.0091072637082952
2,20,2,digits_08,gate,0.1624267159021935,0.2230813147599278,0.8966666666666666,0.52,0.0084609203140555
2,20,3,digits_08,gate,0.3551682615488282,0.2875447002594634,0.6133333333333333,0.7,0.01168740395985
2,20,4,digits_08,gate,0.136003447220642,0.288712581252329,0.95,0.64,0.0298416462199938
2,20,5,digits_08,gate,0.2302651325096125,0.2758130422246129,0.9433333333333334,0.5,0.0292401623262357
2,21,0,digits_08,gate,0.1391930220606318,0.2314926688812491,0.96,0.53,0.0154811605357293
2,25,0,digits_08,gate,0.1571141932897282,0.2299223281207761,0.95,0.51,0.0173118885102757
2,25,1,digits_08,gate,0.1629046651288639,0.2540884786404102,0.8133333333333334,0.64,0.0180730315633009
2,25,2,digits_08,gate,0.1722625655292301,0.2242595468134913,0.9,0.53,0.0142924551255755
2,25,3,digits_08,gate,0.3429666202277543,0.2843266123204877,0.59,0.6799999999999999,0.0131540731586062
2,25,4,digits_08,gate,0.1512131921421971,0.2593908606529438,0.9433333333333334,0.59,0.0125829988882468
2,25,5,digits_08,gate,0.2343251944576385,0.2728830595252123,0.9266666666666666,0.53,0.0105667744376123
2,30,0,digits_08,gate,0.1740076450594017,0.2363827008273498,0.95,0.5,0.0098302705821544
2,30,1,digits_08,gate,0.1736232289713961,0.2579046396655871,0.9566666666666668,0.72,0.019753031321666
2,30,2,digits_08,gate,0.1832305478154813,0.2355969488356731,0.9333333333333332,0.5700000000000001,0.0107567922874928
2,30,3,digits_08,gate,0.320239735718214,0.2702678371841133,0.57,0.55,0.0119538835017461
2,30,4,digits_08,gate,0.1683553092240622,0.272973139262026,0.9533333333333334,0.53,0.0184059842491731
2,30,5,digits_08,gate,0.2248111897420562,0.2748690669338594,0.9533333333333334,0.5700000000000001,0.014977648672275
2,35,0,digits_08,gate,0.1839542680887125,0.2388356738906919,0.9733333333333334,0.56,0.0092168320821934
2,35,1,digits_08,gate,0.1840604321603142,0.2553219774650734,0.8033333333333333,0.66,0.0124836935222111
2,35,2,digits_08,gate,0.193291886339439,0.2426747925449466,0.93,0.6,0.0114625824850946
2,35,3,digits_08,gate,0.3151960294137803,0.2689512114154406,0.6733333333333333,0.61,0.0108107924585407
2,35,4,digits_08,gate,0.1817445378300422,0.2577745991192678,0.96,0.56,0.0113793454507998
2,35,5,digits_08,gate,0.2414107628672279,0.2668109049360748,0.94,0.62,0.0115423147099741
2,40,0,digits_08,gate,0.1950086556668877,0.2423299863455023,0.9666666666666668,0.59,0.0153353405729171
2,40,1,digits_08,gate,0.1961336996245897,0.2501920966817919,0.9666666666666668,0.69,0.0161335300544585
2,40,2,digits_08,gate,0.2010851626792318,0.2409432362704892,0.9333333333333332,0.54,0.013332576023093
2,40,3,digits_08,gate,0.3030267713557971,0.2599067485625695,0.69,0.5800000000000001,0.007026591453659
2,40,4,digits_08,gate,0.1927641018852749,0.2576120333581037,0.9733333333333334,0.54,0.0134259685493051
2,40,5,digits_08,gate,0.2348728899507053,0.2492284734734898,0.95,0.54,0.0100333542977156
2,45,0,digits_08,gate,0.2019285190974666,0.245041199659799,0.97,0.59,0.0135080685052693
2,45,1,digits_08,gate,0.2044798091789649,0.2521914192617687,0.92,0.6,0.0088937792129199
2,45,2,digits_08,gate,0.2068151313751843,0.2457847214225063,0.9466666666666668,0.51,0.0094443819335939
2,45,3,digits_08,gate,0.277171223404577,0.254378102136635,0.6266666666666667,0.5,0.0086145388409949
2,45,4,digits_08,gate,0.2013467718123209,0.2514080572952178,0.9633333333333334,0.55,0.0153550190281139
2,45,5,digits_08,gate,0.2408077034201754,0.2558224888575317,0.9466666666666668,0.5,0.0103533515094913
2,50,0,digits_08,gate,0.2111894849822174,0.2449783266970163,0.9666666666666668,0.54,0.0080049542098887
2,50,1,digits_08,gate,0.2172969043510836,0.2468658415439207,0.8233333333333334,0.63,0.0270657413037673
2,50,2,digits_08,gate,0.2140152665406124,0.2446771917758314,0.9366666666666666,0.5800000000000001,0.0063499948669854
2,50,3,digits_08,gate,0.2830770780121336,0.2536770600640879,0.6533333333333333,0.52,0.0041214383208671
2,50,4,digits_08,gate,0.2084628726649967,0.2568261215602246,0.9566666666666668,0.5,0.0090576820496452
2,50,5,digits_08,gate,0.2439427219593349,0.2592559626366826,0.9433333333333334,0.56,0.0071535554934275
2,1,0,digits_08,mixed,0.2458917238212251,0.2920339112339701,0.5733333333333334,0.46,0.0008518212819525
2,1,1,digits_08,mixed,0.2296261355344664,0.2964882028321705,0.5166666666666666,0.55,0.0477805952358838
2,1,2,digits_08,mixed,0.2499395698953264,0.2406490710179067,0.5666666666666667,0.51,0.0009290459171934
2,1,3,digits_08,mixed,0.2882991094103158,0.2093893309429678,0.5133333333333333,0.5,0.0486064167396418
2,1,4,digits_08,mixed,0.2446160536473496,0.2345818188601891,0.5433333333333333,0.6,0.0015039701157368
2,1,5,digits_08,mixed,0.2637639434452886,0.2676627915635838,0.5466666666666666,0.55,5.119330872737638e-05
2,5,0,digits_08,mixed,0.0983382863388371,0.0885289717925882,0.88,0.89,0.0001317808516787
2,5,1,digits_08,mixed,0.0709664570296856,0.4961955565379471,0.92,0.79,0.0001560972908605
2,5,2,digits_08,mixed,0.1176819794806531,0.0981403760922655,0.8533333333333334,0.81,5.927007099736396e-05
2,5,3,digits_08,mixed,0.5544298133309706,0.4919486583329525,0.6766666666666666,0.88,0.0002741985438349
2,5,4,digits_08,mixed,0.0906819013235692,0.5513852990963131,0.8933333333333333,0.73,0.000438538183387
2,5,5,digits_08,mixed,0.1281100441638426,0.6033212062451284,0.9233333333333332,0.85,0.0001003029358231
2,6,0,digits_08,mixed,0.0381880846019923,0.1431192141740632,0.9566666666666668,0.18,0.0001592030594233
2,10,0,digits_08,mixed,0.0923726475776731,0.1268147554329697,0.9033333333333332,0.81,0.0001137918734739
2,10,1,digits_08,mixed,0.0607130406094673,0.3963036296987773,0.94,0.87,0.000216180115233
2,10,2,digits_08,mixed,0.1016689764732849,0.1080158819549737,0.89,0.62,0.0001657641613906
2,10,3,digits_08,mixed,0.5539718583500989,0.4124225309824417,0.5833333333333334,0.83,0.0001796244878857
2,10,4,digits_08,mixed,0.0813908323876276,0.4815076909444731,0.91,0.78,0.0001682858166888
2,10,5,digits_08,mixed,0.2377664366824953,0.6086602314834333,0.9466666666666668,0.85,0.0001254206227496
2,11,0,digits_08,mixed,0.0394991178406538,0.1684436866561967,0.9633333333333334,0.16,7.445816738694791e-05
2,15,0,digits_08,mixed,0.0926514475626561,0.1197040950916521,0.92,0.84,6.994240818306642e-05
2,15,1,digits_08,mixed,0.0694039229274665,0.3294106857210381,0.95,0.87,0.000184390911083
2,15,2,digits_08,mixed,0.1050967290347607,0.1352901897186854,0.9033333333333332,0.52,0.0001442563131531
2,15,3,digits_08,mixed,0.5330606250304121,0.4354776355118835,0.5733333333333334,0.9,0.0001895516634981
2,15,4,digits_08,mixed,0.0801850618660988,0.4743803283539005,0.9266666666666666,0.78,9.746908025073534e-05
2,15,5,digits_08,mixed,0.1445856357037586,0.5168982604832347,0.94,0.85,8.294050780318216e-05
2,16,0,digits_08,mixed,0.055243046451925,0.1275787449824795,0.9633333333333334,0.15,7.15620187635356e-05
2,20,0,digits_08,mixed,0.1053204566365291,0.1274787438184891,0.9066666666666666,0.84,0.0002694306001559
2,20,1,digits_08,mixed,0.0803906913253195,0.3273685972767934,0.94,0.87,6.166421915144874e-05
2,20,2,digits_08,mixed,0.1137892374292519,0.1250136015809752,0.8866666666666667,0.53,0.0001698077018579
2,20,3,digits_08,mixed,0.5028911915012825,0.3770501236238546,0.5766666666666667,0.87,0.0001330905184359
2,20,4,digits_08,mixed,0.0893436718789509,0.4158123926986665,0.93,0.79,0.0001631662376138
2,20,5,digits_08,mixed,0.204576860795529,0.4878366958104593,0.95,0.84,7.115293728760521e-05
2,21,0,digits_08,mixed,0.0648192492954645,0.1613046176346712,0.97,0.21,6.831776604274049e-05
2,25,0,digits_08,mixed,0.1065762551833863,0.1380455861521559,0.9,0.84,5.860652918141303e-05
2,25,1,digits_08,mixed,0.0942777014234922,0.3223402027260331,0.94,0.83,0.0001465347169315
2,25,2,digits_08,mixed,0.1182714156284265,0.1533587839042944,0.8966666666666666,0.64,0.0001593453490363
2,25,3,digits_08,mixed,0.4603929781703378,0.3524298882296195,0.6333333333333333,0.76,6.271627076661464e-05
2,25,4,digits_08,mixed,0.0980643450379707,0.418426253122899,0.93,0.79,0.00013554178559
2,25,5,digits_08,mixed,0.2082438498554829,0.4358502798568122,0.9266666666666666,0.8200000000000001,6.560459104496791e-05
2,30,0,digits_08,mixed,0.1187855585703999,0.1585177544517149,0.9066666666666666,0.78,0.0001095443709233
2,30,1,digits_08,mixed,0.1108455219993108,0.3471392588806284,0.94,0.78,5.1951638528023774e-05
2,30,2,digits_08,mixed,0.1319668546338666,0.1637806533627034,0.8933333333333333,0.64,0.0001385676098801
2,30,3,digits_08,mixed,0.4368909167880889,0.3421464944582145,0.5766666666666667,0.8200000000000001,0.0001111075430739
2,30,4,digits_08,mixed,0.1097182547538294,0.3661940009589337,0.93,0.84,0.0001314905042597
2,30,5,digits_08,mixed,0.230640505772043,0.4459290455183856,0.92,0.77,0.0001816358117493
2,35,0,digits_08,mixed,0.1306337545153142,0.1715445184134999,0.9133333333333332,0.75,8.398080159718824e-05
2,35,1,digits_08,mixed,0.2322681908477626,0.2948679344703453,0.6166666666666667,0.62,0.0032223725362915
2,35,2,digits_08,mixed,0.1399882573589336,0.1812775628376529,0.8933333333333333,0.5800000000000001,6.319367704790651e-05
2,35,3,digits_08,mixed,0.4078292152802836,0.3270816884740178,0.5733333333333334,0.84,5.9692656352460585e-05
2,35,4,digits_08,mixed,0.1244795420305134,0.3459764539720645,0.92,0.78,9.454700517547996e-05
2,35,5,digits_08,mixed,0.208876400927028,0.3904532764350425,0.92,0.81,6.361335880715856e-05
2,40,0,digits_08,mixed,0.1427828965899946,0.1683260992802878,0.9066666666666666,0.81,0.0001898847993262
2,40,1,digits_08,mixed,0.1300607397633979,0.2907756838918092,0.9333333333333332,0.78,5.961647058908421e-05
2,40,2,digits_08,mixed,0.1448560789517325,0.1790237137423118,0.9,0.5700000000000001,7.324927339799763e-05
2,40,3,digits_08,mixed,0.3979888401828002,0.3249056224221026,0.6966666666666667,0.84,6.310098951612061e-05
2,40,4,digits_08,mixed,0.1320139354468715,0.3215022603158178,0.9266666666666666,0.77,5.0957618930132094e-05
2,40,5,digits_08,mixed,0.2371316180173655,0.3453879395425817,0.9066666666666666,0.75,0.0001374737574108
2,45,0,digits_08,mixed,0.1435637871646261,0.1782599929814679,0.91,0.72,0.000133160805466
2,45,1,digits_08,mixed,0.1408377203745315,0.2839844023935367,0.9533333333333334,0.77,6.417275172236758e-05
2,45,2,digits_08,mixed,0.1611986851213865,0.2110950639574067,0.8933333333333333,0.53,5.7907506853635946e-05
2,45,3,digits_08,mixed,0.3706303980020892,0.3063811992861004,0.6333333333333333,0.85,0.0001195599559785
2,45,4,digits_08,mixed,0.1421358824218689,0.3158662736051891,0.9266666666666666,0.77,6.0055222273402754e-05
2,45,5,digits_08,mixed,0.2152022361180483,0.3488362899358004,0.92,0.77,5.426518444943236e-05
2,50,0,digits_08,mixed,0.1521233179106207,0.1901540494939814,0.9333333333333332,0.7,6.061713261508028e-05
2,50,1,digits_08,mixed,0.1468650972111954,0.2888365146411595,0.9433333333333334,0.75,0.0001326473988733
2,50,2,digits_08,mixed,0.1641379781126509,0.1940313083039449,0.9166666666666666,0.61,0.0001360825123024
2,50,3,digits_08,mixed,0.3691992634413295,0.3138346099841406,0.67,0.76,5.400364453468137e-05
2,50,4,digits_08,mixed,0.1477480023798823,0.3054034331870359,0.9366666666666666,0.75,8.435017929587714e-05
2,50,5,digits_08,mixed,0.2239761656922841,0.3461406663490047,0.91,0.8,0.0001241279765781
2,1,0,digits_08,pulsed,0.1188059774587632,,0.8266666666666667,0.65,0.0057595219369859
2,1,1,digits_08,pulsed,0.1728381647303784,,0.5066666666666667,0.67,0.0057458747352598
2,1,2,digits_08,pulsed,0.1314274518060907,,0.8333333333333334,0.5,0.0046291298925445
2,1,3,digits_08,pulsed,0.3671605649058558,,0.6,0.54,0.0022617766498425
2,5,0,digits_08,pulsed,0.1001662388703033,,0.8933333333333333,0.68,0.0001832844076888
2,5,1,digits_08,pulsed,0.1371174566609321,,0.8233333333333334,0.63,8.924298885942663e-05
2,5,2,digits_08,pulsed,0.1177888323720216,,0.8633333333333333,0.6,0.0004893089794817
2,5,3,digits_08,pulsed,0.5486038212992403,,0.6233333333333333,0.79,0.0002651153961239
2,10,0,digits_08,pulsed,0.0947538458328887,,0.8866666666666667,0.6,0.0003910312781649
2,10,1,digits_08,pulsed,0.1116511941533209,,0.89,0.61,0.0001928756832202
2,10,2,digits_08,pulsed,0.110086032048141,,0.8733333333333333,0.51,0.0001166112850869
2,10,3,digits_08,pulsed,0.5541548863906578,,0.5533333333333333,0.76,0.0001188804094948
2,15,0,digits_08,pulsed,0.0938542507317047,,0.91,0.64,0.0001949796216181
2,15,1,digits_08,pulsed,0.121147715320838,,0.8733333333333333,0.6,0.0001296497630082
2,15,2,digits_08,pulsed,0.1167353927473857,,0.8866666666666667,0.53,0.0001370290812594
2,15,3,digits_08,pulsed,0.4956934019555751,,0.64,0.77,0.0001135664925389
2,20,0,digits_08,pulsed,0.1084955807249304,,0.9333333333333332,0.62,0.0002010819971386
2,20,1,digits_08,pulsed,0.1239854967271205,,0.89,0.62,8.77943135675485e-05
2,20,2,digits_08,pulsed,0.1220025406461503,,0.88,0.6,8.0359073855508e-05
2,20,3,digits_08,pulsed,0.4932388306085096,,0.77,0.8,5.217990668495016e-05
2,25,0,digits_08,pulsed,0.1128797632532948,,0.9366666666666666,0.65,6.627873247590377e-05
2,25,1,digits_08,pulsed,0.1404654855927232,,0.8733333333333333,0.63,5.84235038569512e-05
2,25,2,digits_08,pulsed,0.1358240305703078,,0.8866666666666667,0.51,8.778525762403788e-05
2,25,3,digits_08,pulsed,0.4503525847304337,,0.5866666666666667,0.73,0.0001015152563537
2,30,0,digits_08,pulsed,0.1183554906419,,0.9166666666666666,0.55,0.0001890077345432
2,30,1,digits_08,pulsed,0.1469798984427108,,0.9033333333333332,0.64,0.0001477972177179
2,30,2,digits_08,pulsed,0.1382840278266585,,0.9033333333333332,0.52,5.3364012782058384e-05
2,35,0,digits_08,pulsed,0.1235039181753913,,0.94,0.64,0.0001089603103351
2,35,1,digits_08,pulsed,0.148794165387774,,0.91,0.58,6.992466427928498e-05
2,35,2,digits_08,pulsed,0.1435719497814405,,0.91,0.56,0.0001491049770001
2,40,0,digits_08,pulsed,0.1423663793197076,,0.9533333333333334,0.6,0.0001134874604036
2,40,1,digits_08,pulsed,0.2349732829179744,,0.6233333333333333,0.6,0.0157608844067621
2,40,2,digits_08,pulsed,0.1629705159962164,,0.9066666666666666,0.63,0.0001420652064618
2,45,0,digits_08,pulsed,0.1503120314643908,,0.9333333333333332,0.6,9.009098869327487e-05
2,45,1,digits_08,pulsed,0.1634668297986869,,0.9133333333333332,0.59,0.0001238792515345
2,45,2,digits_08,pulsed,0.1624257947347288,,0.92,0.5700000000000001,8.559354021153397e-05
2,50,0,digits_08,pulsed,0.1591675011626688,,0.9433333333333334,0.64,7.47652360003916e-05
2,50,1,digits_08,pulsed,0.1719546380378995,,0.9133333333333332,0.56,5.469767114567341e-05
2,50,2,digits_08,pulsed,0.1699385335133286,,0.91,0.52,8.248780507674755e-05
